model_type,surp
shuffled,13.429108023643494
ordered,8.446711540222168
shuffled,10.318628668785095
ordered,9.306806087493896
shuffled,10.058546900749207
ordered,10.762380123138428
shuffled,9.306330800056458
ordered,8.981301069259644
shuffled,6.072879791259766
ordered,11.250479578971863
shuffled,13.430310368537903
ordered,9.012436866760254
shuffled,10.327810645103455
ordered,10.820322513580322
shuffled,10.054779291152954
ordered,10.975485682487488
shuffled,9.308212995529175
ordered,10.132458806037903
shuffled,6.074689507484436
ordered,11.997860670089722
shuffled,10.265879392623901
ordered,13.96357810497284
shuffled,14.14914071559906
ordered,13.670513033866882
shuffled,13.22625070810318
ordered,15.850009083747864
shuffled,9.725959420204163
ordered,13.00755763053894
shuffled,16.660809218883514
ordered,14.858141303062439
shuffled,10.260668158531189
ordered,15.1974618434906
shuffled,14.168479084968567
ordered,15.391268253326416
shuffled,13.227792501449585
ordered,17.080414652824402
shuffled,9.73451542854309
ordered,15.586508214473724
shuffled,16.654133021831512
ordered,15.233736991882324
shuffled,8.070695638656616
ordered,5.984714031219482
shuffled,6.4990715980529785
ordered,6.3860719203948975
shuffled,7.324490427970886
ordered,6.711633205413818
shuffled,4.940060615539551
ordered,5.6563146114349365
shuffled,7.274061679840088
ordered,7.076961040496826
shuffled,8.072994709014893
ordered,6.824313640594482
shuffled,6.506296277046204
ordered,9.458949089050293
shuffled,7.319352746009827
ordered,7.553065538406372
shuffled,4.9409942626953125
ordered,6.538841485977173
shuffled,7.2811890840530396
ordered,7.923851013183594
shuffled,2.8260183334350586
ordered,6.783263206481934
shuffled,5.1807719469070435
ordered,3.0475205183029175
shuffled,5.65484881401062
ordered,3.492233395576477
shuffled,3.5043537616729736
ordered,3.2637380361557007
shuffled,6.984264373779297
ordered,3.3416476249694824
shuffled,2.83078932762146
ordered,6.5924893617630005
shuffled,5.1876667737960815
ordered,3.8738573789596558
shuffled,5.644647002220154
ordered,3.446154832839966
shuffled,3.5127676725387573
ordered,3.9218766689300537
shuffled,6.996294379234314
ordered,3.8203452825546265
shuffled,7.195418000221252
ordered,4.36024022102356
shuffled,2.7997156381607056
ordered,5.953089356422424
shuffled,5.646374821662903
ordered,4.581378936767578
shuffled,6.150087118148804
ordered,8.500905275344849
shuffled,5.988723158836365
ordered,1.857583999633789
shuffled,7.195230603218079
ordered,4.0075843334198
shuffled,2.8054102659225464
ordered,9.614134430885315
shuffled,5.645488142967224
ordered,6.404471039772034
shuffled,6.152730584144592
ordered,7.973888278007507
shuffled,5.998059630393982
ordered,3.9964401721954346
shuffled,4.606632351875305
ordered,6.083151578903198
shuffled,6.903996825218201
ordered,7.44416069984436
shuffled,5.569228410720825
ordered,3.482071876525879
shuffled,6.256343245506287
ordered,5.615063786506653
shuffled,5.318987607955933
ordered,4.761873960494995
shuffled,4.602067708969116
ordered,8.301571130752563
shuffled,6.925106763839722
ordered,8.994642734527588
shuffled,5.578043460845947
ordered,6.307849884033203
shuffled,6.25575315952301
ordered,8.947205424308777
shuffled,5.338603973388672
ordered,7.6004204750061035
shuffled,5.876038551330566
ordered,4.629973530769348
shuffled,6.54550039768219
ordered,6.877454161643982
shuffled,7.64979362487793
ordered,6.684983134269714
shuffled,9.498212575912476
ordered,3.036320209503174
shuffled,5.668531179428101
ordered,7.413565039634705
shuffled,5.865816235542297
ordered,5.113442420959473
shuffled,6.549505829811096
ordered,7.983032703399658
shuffled,7.621443390846252
ordered,7.34044337272644
shuffled,9.492088437080383
ordered,3.694969058036804
shuffled,5.6706202030181885
ordered,8.8203866481781
shuffled,7.448476672172546
ordered,8.84538608789444
shuffled,10.301251292228699
ordered,8.706105589866638
shuffled,10.589413523674011
ordered,7.971214175224304
shuffled,9.806097507476807
ordered,11.679731011390686
shuffled,7.2248146533966064
ordered,8.096142888069153
shuffled,7.454863786697388
ordered,10.080252528190613
shuffled,10.30949854850769
ordered,10.896978497505188
shuffled,10.583454489707947
ordered,9.262158870697021
shuffled,9.809434056282043
ordered,14.737906336784363
shuffled,7.23134982585907
ordered,10.379127621650696
shuffled,12.364465296268463
ordered,8.27945852279663
shuffled,12.852066338062286
ordered,9.565592885017395
shuffled,14.061201512813568
ordered,7.389348268508911
shuffled,11.754889130592346
ordered,8.989625632762909
shuffled,11.702821969985962
ordered,8.290794134140015
shuffled,12.365369081497192
ordered,11.849953532218933
shuffled,12.858731150627136
ordered,14.373362064361572
shuffled,14.05730676651001
ordered,11.183533310890198
shuffled,11.75303590297699
ordered,12.183844149112701
shuffled,11.7101970911026
ordered,11.85196042060852
shuffled,5.841872453689575
ordered,2.4680094718933105
shuffled,3.954782724380493
ordered,3.217467188835144
shuffled,6.476685643196106
ordered,3.9992828369140625
shuffled,5.448842167854309
ordered,3.6103157997131348
shuffled,3.5688443183898926
ordered,2.166116952896118
shuffled,5.843406677246094
ordered,3.2777771949768066
shuffled,3.9470090866088867
ordered,4.399795651435852
shuffled,6.452836036682129
ordered,3.6381114721298218
shuffled,5.451595664024353
ordered,3.68587064743042
shuffled,3.573940396308899
ordered,2.9365148544311523
shuffled,11.443242728710175
ordered,11.328043103218079
shuffled,12.33426547050476
ordered,10.337491631507874
shuffled,7.367879748344421
ordered,14.232533931732178
shuffled,9.068433225154877
ordered,10.705159425735474
shuffled,11.980336368083954
ordered,10.52769923210144
shuffled,11.4448202252388
ordered,13.89319622516632
shuffled,12.338224112987518
ordered,12.26530373096466
shuffled,7.363467216491699
ordered,15.761741757392883
shuffled,9.06488424539566
ordered,13.226309299468994
shuffled,11.983140647411346
ordered,13.32655119895935
shuffled,10.162614792585373
ordered,10.325622320175171
shuffled,8.523441523313522
ordered,7.7911297082901
shuffled,11.066072940826416
ordered,8.411319315433502
shuffled,11.79653000831604
ordered,6.391536295413971
shuffled,9.808196008205414
ordered,7.255530476570129
shuffled,10.156807571649551
ordered,12.345409095287323
shuffled,8.530836522579193
ordered,10.079350113868713
shuffled,11.05366626381874
ordered,11.223116934299469
shuffled,11.803424000740051
ordered,9.683230578899384
shuffled,9.801450073719025
ordered,9.445684731006622
shuffled,5.638779520988464
ordered,4.297344207763672
shuffled,3.3522876501083374
ordered,4.618820548057556
shuffled,5.807837605476379
ordered,2.414775252342224
shuffled,6.8976969718933105
ordered,3.4562430381774902
shuffled,7.241286277770996
ordered,3.648136258125305
shuffled,5.6401538252830505
ordered,7.047818183898926
shuffled,3.3710739612579346
ordered,7.573041796684265
shuffled,5.810683369636536
ordered,4.9722630977630615
shuffled,6.893199324607849
ordered,7.454042673110962
shuffled,7.255669474601746
ordered,6.826317310333252
shuffled,10.71085238456726
ordered,7.749573826789856
shuffled,9.680513083934784
ordered,8.461047112941742
shuffled,10.849524706602097
ordered,10.302882701158524
shuffled,10.951935768127441
ordered,8.859898835420609
shuffled,7.914099752902985
ordered,9.188434064388275
shuffled,10.716276228427887
ordered,9.616533160209656
shuffled,9.71165058016777
ordered,10.141422510147095
shuffled,10.85211369395256
ordered,12.011418163776398
shuffled,10.962777763605118
ordered,11.839872747659683
shuffled,7.916951149702072
ordered,10.180630922317505
shuffled,13.288495302200317
ordered,6.281434535980225
shuffled,7.904006481170654
ordered,8.207763433456421
shuffled,8.94102656841278
ordered,9.831842422485352
shuffled,9.9248605966568
ordered,6.010796546936035
shuffled,9.890183091163635
ordered,7.067964196205139
shuffled,13.278661966323853
ordered,7.3028212785720825
shuffled,7.908502578735352
ordered,9.899848580360413
shuffled,8.943687319755554
ordered,10.965261101722717
shuffled,9.92684519290924
ordered,7.050522327423096
shuffled,9.896992087364197
ordered,7.8462618589401245
shuffled,11.63752007484436
ordered,9.312761902809143
shuffled,8.582838892936707
ordered,8.720720291137695
shuffled,8.677954196929932
ordered,7.316426157951355
shuffled,8.18510639667511
ordered,9.910485744476318
shuffled,7.842958211898804
ordered,5.950441360473633
shuffled,11.64316612482071
ordered,8.889692544937134
shuffled,8.581459641456604
ordered,9.789507865905762
shuffled,8.68934190273285
ordered,8.56731116771698
shuffled,8.179136633872986
ordered,11.206698894500732
shuffled,7.833907723426819
ordered,8.069989919662476
shuffled,7.228418707847595
ordered,4.065146207809448
shuffled,4.940863251686096
ordered,7.3184332847595215
shuffled,7.0651854276657104
ordered,4.750908017158508
shuffled,7.851086854934692
ordered,6.559269905090332
shuffled,6.924735188484192
ordered,4.618387222290039
shuffled,7.22645366191864
ordered,3.7235183715820312
shuffled,4.946865916252136
ordered,7.472777009010315
shuffled,7.041301369667053
ordered,4.823925256729126
shuffled,7.849204182624817
ordered,6.343394994735718
shuffled,6.927438139915466
ordered,4.863604545593262
shuffled,11.08158254623413
ordered,12.46212375164032
shuffled,11.948890686035156
ordered,12.166498064994812
shuffled,10.45114016532898
ordered,8.5649733543396
shuffled,11.40237307548523
ordered,9.301255106925964
shuffled,7.982151985168457
ordered,8.943597555160522
shuffled,11.082292199134827
ordered,12.066667199134827
shuffled,11.946939706802368
ordered,12.199010848999023
shuffled,10.464459419250488
ordered,8.52457594871521
shuffled,11.414443850517273
ordered,9.326628684997559
shuffled,7.948203802108765
ordered,9.581575393676758
shuffled,5.641566783189774
ordered,10.70850259065628
shuffled,9.071769207715988
ordered,7.154856443405151
shuffled,8.230529993772507
ordered,4.234025835990906
shuffled,9.26036411523819
ordered,5.019271731376648
shuffled,7.531264245510101
ordered,3.5213226079940796
shuffled,5.657386541366577
ordered,10.042114913463593
shuffled,9.073721885681152
ordered,7.683836102485657
shuffled,8.21348837018013
ordered,3.989742398262024
shuffled,9.255162060260773
ordered,4.148615300655365
shuffled,7.532999217510223
ordered,3.946196973323822
shuffled,7.540992736816406
ordered,8.08562970161438
shuffled,6.150900840759277
ordered,6.743142127990723
shuffled,7.986479997634888
ordered,7.234637498855591
shuffled,7.678722143173218
ordered,3.37353777885437
shuffled,6.037800550460815
ordered,4.623849153518677
shuffled,7.5343286991119385
ordered,7.974192380905151
shuffled,6.137627124786377
ordered,6.75149941444397
shuffled,8.011053562164307
ordered,7.256053447723389
shuffled,7.681454658508301
ordered,3.3806562423706055
shuffled,6.0605385303497314
ordered,4.4825050830841064
shuffled,10.29845416545868
ordered,5.12247359752655
shuffled,3.6452908515930176
ordered,7.413587808609009
shuffled,8.483871936798096
ordered,3.949435591697693
shuffled,5.003951907157898
ordered,6.994824171066284
shuffled,6.202866554260254
ordered,2.5368350744247437
shuffled,10.303511142730713
ordered,4.952431321144104
shuffled,3.6478078365325928
ordered,7.217823505401611
shuffled,8.4783273935318
ordered,3.783952832221985
shuffled,5.008355140686035
ordered,7.05083692073822
shuffled,6.181941866874695
ordered,2.972022294998169
shuffled,11.599727153778076
ordered,17.958754181861877
shuffled,10.233088970184326
ordered,13.021424770355225
shuffled,10.13155972957611
ordered,12.445873260498047
shuffled,11.705357074737549
ordered,13.902645230293274
shuffled,11.647783517837524
ordered,11.985946655273438
shuffled,11.60682487487793
ordered,17.78310865163803
shuffled,10.230220556259155
ordered,13.101327300071716
shuffled,10.136117577552795
ordered,12.23733675479889
shuffled,11.711609125137329
ordered,13.912558317184448
shuffled,11.655683636665344
ordered,11.609917879104614
shuffled,6.488755226135254
ordered,6.410534858703613
shuffled,3.4276106357574463
ordered,6.731062650680542
shuffled,6.102862477302551
ordered,2.7253748178482056
shuffled,4.532445788383484
ordered,8.19489860534668
shuffled,6.772056579589844
ordered,5.954097390174866
shuffled,6.489888072013855
ordered,6.658616304397583
shuffled,3.428898811340332
ordered,7.354530453681946
shuffled,6.095463275909424
ordered,2.8193607330322266
shuffled,4.535257339477539
ordered,7.9873998165130615
shuffled,6.7729092836380005
ordered,5.955742359161377
shuffled,9.482267618179321
ordered,8.508966088294983
shuffled,10.471253156661987
ordered,11.033854961395264
shuffled,10.316239476203918
ordered,6.470095992088318
shuffled,5.3993600606918335
ordered,4.478273868560791
shuffled,11.897012710571289
ordered,8.188445210456848
shuffled,9.483563661575317
ordered,8.242367625236511
shuffled,10.502217650413513
ordered,10.960800647735596
shuffled,10.315910458564758
ordered,6.445473313331604
shuffled,5.386871576309204
ordered,4.250907897949219
shuffled,11.894352555274963
ordered,8.095999360084534
shuffled,11.113627552986145
ordered,7.549852252006531
shuffled,8.442039966583252
ordered,11.370087146759033
shuffled,7.58389687538147
ordered,8.13815450668335
shuffled,8.095402359962463
ordered,8.145045518875122
shuffled,10.831753611564636
ordered,8.44316565990448
shuffled,11.109636783599854
ordered,7.407096266746521
shuffled,8.457011222839355
ordered,12.508008122444153
shuffled,7.558105826377869
ordered,8.732612609863281
shuffled,8.123991012573242
ordered,8.163358688354492
shuffled,10.832068800926208
ordered,8.328845739364624
shuffled,10.019033432006836
ordered,9.90084457397461
shuffled,9.55836796760559
ordered,11.008626818656921
shuffled,9.074294328689575
ordered,7.643444538116455
shuffled,9.737087488174438
ordered,6.2895283699035645
shuffled,9.828981399536133
ordered,6.43532919883728
shuffled,10.023003816604614
ordered,9.15561556816101
shuffled,9.564035773277283
ordered,11.046670198440552
shuffled,9.066713571548462
ordered,7.254228353500366
shuffled,9.747696876525879
ordered,5.958327293395996
shuffled,9.825807571411133
ordered,6.53442907333374
shuffled,11.778019428253174
ordered,8.633186221122742
shuffled,8.585929989814758
ordered,9.446591138839722
shuffled,9.3644357919693
ordered,8.132142424583435
shuffled,10.456544399261475
ordered,8.368138909339905
shuffled,8.012409210205078
ordered,8.924251556396484
shuffled,11.74292677640915
ordered,8.171922326087952
shuffled,8.591816306114197
ordered,9.084985613822937
shuffled,9.333438634872437
ordered,8.142746567726135
shuffled,10.461730003356934
ordered,8.596080422401428
shuffled,7.995184421539307
ordered,8.680979013442993
shuffled,6.153887510299683
ordered,5.3580814599990845
shuffled,7.48200249671936
ordered,4.4009387493133545
shuffled,6.089528679847717
ordered,6.901813387870789
shuffled,5.1606457233428955
ordered,6.69732940196991
shuffled,4.3290276527404785
ordered,6.89846658706665
shuffled,6.16750693321228
ordered,5.235117316246033
shuffled,7.48104465007782
ordered,4.387280821800232
shuffled,6.086841702461243
ordered,6.6397634744644165
shuffled,5.148884892463684
ordered,6.350153207778931
shuffled,4.3222975730896
ordered,6.420205473899841
shuffled,8.413385510444641
ordered,6.809628844261169
shuffled,9.287439584732056
ordered,7.629473686218262
shuffled,7.936561703681946
ordered,12.248901844024658
shuffled,6.76389217376709
ordered,9.330302834510803
shuffled,9.799649238586426
ordered,10.65248966217041
shuffled,8.427833199501038
ordered,6.564296007156372
shuffled,9.300445556640625
ordered,8.147239685058594
shuffled,7.935985326766968
ordered,12.277085304260254
shuffled,6.779271245002747
ordered,9.35049057006836
shuffled,9.806068897247314
ordered,10.649406790733337
shuffled,9.714657664299011
ordered,8.58722710609436
shuffled,9.340145587921143
ordered,9.610572099685669
shuffled,13.959226846694946
ordered,8.178006947040558
shuffled,8.435702562332153
ordered,6.223450541496277
shuffled,7.528778314590454
ordered,3.920862078666687
shuffled,9.74065089225769
ordered,7.7836960554122925
shuffled,9.366598010063171
ordered,9.63890016078949
shuffled,13.950856804847717
ordered,8.65124887228012
shuffled,8.43544328212738
ordered,5.812487006187439
shuffled,7.51191520690918
ordered,3.8942017555236816
shuffled,8.468516409397125
ordered,8.10021460056305
shuffled,8.584781765937805
ordered,7.335782885551453
shuffled,12.65813684463501
ordered,6.790656685829163
shuffled,8.209101796150208
ordered,8.565640568733215
shuffled,7.528400182723999
ordered,6.467130661010742
shuffled,8.45682817697525
ordered,8.013634085655212
shuffled,8.59724247455597
ordered,7.7123764753341675
shuffled,12.647399067878723
ordered,6.918132305145264
shuffled,8.203098177909851
ordered,8.60772454738617
shuffled,7.525757193565369
ordered,6.307908773422241
shuffled,7.431391596794128
ordered,4.524333238601685
shuffled,5.872393250465393
ordered,5.464036703109741
shuffled,7.633929491043091
ordered,5.427246928215027
shuffled,6.463217854499817
ordered,6.6575199365615845
shuffled,5.958714962005615
ordered,7.435370683670044
shuffled,7.4280922412872314
ordered,4.490904808044434
shuffled,5.895933389663696
ordered,5.5804853439331055
shuffled,7.615547299385071
ordered,5.622228264808655
shuffled,6.453159928321838
ordered,6.434129476547241
shuffled,5.960067510604858
ordered,7.673722863197327
shuffled,6.971554517745972
ordered,5.8998119831085205
shuffled,7.783579111099243
ordered,6.73600172996521
shuffled,7.386186003684998
ordered,6.050241470336914
shuffled,5.7506303787231445
ordered,6.323049545288086
shuffled,7.339240312576294
ordered,7.33587908744812
shuffled,10.136186718940735
ordered,8.276036739349365
shuffled,10.61245584487915
ordered,10.40881609916687
shuffled,9.960638046264648
ordered,9.617634773254395
shuffled,9.645036697387695
ordered,10.11729645729065
shuffled,9.935125350952148
ordered,10.355791091918945
shuffled,10.143658876419067
ordered,8.292866945266724
shuffled,10.616633772850037
ordered,10.246196508407593
shuffled,9.955468654632568
ordered,9.49582552909851
shuffled,9.647838592529297
ordered,9.692990779876709
shuffled,9.937583446502686
ordered,9.982454061508179
shuffled,5.19758415222168
ordered,1.9840049743652344
shuffled,2.2344861030578613
ordered,2.145540237426758
shuffled,4.327976703643799
ordered,2.298287868499756
shuffled,1.753737449645996
ordered,3.0321860313415527
shuffled,1.3590540885925293
ordered,-0.21175098419189453
shuffled,2.7460460662841797
ordered,0.5898351669311523
shuffled,1.53271484375
ordered,1.7862071990966797
shuffled,1.7252135276794434
ordered,0.6993093490600586
shuffled,0.2664780616760254
ordered,2.8954482078552246
shuffled,-0.8406848907470703
ordered,-0.8901872634887695
shuffled,2.7414345741271973
ordered,0.6969690322875977
shuffled,1.4996132850646973
ordered,2.035879611968994
shuffled,1.72678804397583
ordered,0.8386354446411133
shuffled,0.27576541900634766
ordered,2.5863394737243652
shuffled,-0.8190593719482422
ordered,-0.8534426689147949
shuffled,6.646143674850464
ordered,6.116276264190674
shuffled,6.1738362312316895
ordered,5.018125772476196
shuffled,9.490036368370056
ordered,5.763968586921692
shuffled,4.950067520141602
ordered,5.745443344116211
shuffled,6.13594651222229
ordered,6.9515156745910645
shuffled,8.220205664634705
ordered,8.260377645492554
shuffled,7.318967342376709
ordered,5.775324821472168
shuffled,9.2317373752594
ordered,7.054798126220703
shuffled,8.06611692905426
ordered,8.264999866485596
shuffled,7.076749682426453
ordered,6.440813064575195
shuffled,8.214159488677979
ordered,8.018823504447937
shuffled,7.304050445556641
ordered,5.974080324172974
shuffled,9.246340990066528
ordered,6.92294979095459
shuffled,8.062483668327332
ordered,7.945251226425171
shuffled,7.043645620346069
ordered,6.7323771715164185
shuffled,8.678851246833801
ordered,8.161027073860168
shuffled,4.656909942626953
ordered,5.878234267234802
shuffled,2.6571637392044067
ordered,5.246416807174683
shuffled,6.960375189781189
ordered,7.063111424446106
shuffled,3.9872480630874634
ordered,7.433917284011841
shuffled,8.708737850189209
ordered,8.009192943572998
shuffled,6.278717517852783
ordered,4.378927946090698
shuffled,3.8545204401016235
ordered,2.5643004179000854
shuffled,6.319122910499573
ordered,7.488011598587036
shuffled,1.5508159399032593
ordered,6.8209452629089355
shuffled,8.710628271102905
ordered,7.710811614990234
shuffled,6.2811853885650635
ordered,4.832457661628723
shuffled,3.8424408435821533
ordered,2.9093915224075317
shuffled,6.319018363952637
ordered,7.667912840843201
shuffled,1.5528589487075806
ordered,7.138951539993286
shuffled,5.908026933670044
ordered,7.5127153396606445
shuffled,5.908872604370117
ordered,6.6042397022247314
shuffled,3.5469064712524414
ordered,4.243016242980957
shuffled,7.644737482070923
ordered,6.863473892211914
shuffled,6.334455251693726
ordered,4.924803018569946
shuffled,8.478225946426392
ordered,7.6681718826293945
shuffled,7.933930993080139
ordered,5.985622882843018
shuffled,4.985761761665344
ordered,4.156716823577881
shuffled,8.858403205871582
ordered,8.351185917854309
shuffled,4.458482503890991
ordered,5.671291470527649
shuffled,8.469179153442383
ordered,7.8439414501190186
shuffled,7.9281017780303955
ordered,6.013982057571411
shuffled,4.987242221832275
ordered,4.315876364707947
shuffled,8.868643760681152
ordered,8.038360476493835
shuffled,4.459558725357056
ordered,5.159343123435974
shuffled,6.7435935735702515
ordered,10.3242809176445
shuffled,7.162567973136902
ordered,3.585764169692993
shuffled,7.263797760009766
ordered,3.766545295715332
shuffled,8.690549850463867
ordered,7.149034261703491
shuffled,6.271039962768555
ordered,7.288309693336487
shuffled,5.276447653770447
ordered,8.732251524925232
shuffled,9.279714584350586
ordered,0.6657494306564331
shuffled,6.052325069904327
ordered,1.5598207712173462
shuffled,7.199159264564514
ordered,8.514895915985107
shuffled,5.889717638492584
ordered,8.568936109542847
shuffled,5.295339226722717
ordered,8.688639044761658
shuffled,9.292686820030212
ordered,0.8590686321258545
shuffled,6.064742982387543
ordered,1.4696817994117737
shuffled,7.210307478904724
ordered,8.213057398796082
shuffled,5.852846920490265
ordered,8.185133814811707
shuffled,1.7082018852233887
ordered,3.7088613510131836
shuffled,6.823787689208984
ordered,3.5125646591186523
shuffled,0.2963447570800781
ordered,-0.729130744934082
shuffled,4.528557777404785
ordered,0.5415291786193848
shuffled,2.2506284713745117
ordered,2.011418342590332
shuffled,2.5119404792785645
ordered,3.942915439605713
shuffled,7.4551005363464355
ordered,1.1097736358642578
shuffled,-0.039578914642333984
ordered,-1.2197494506835938
shuffled,0.7012887001037598
ordered,-1.1333494186401367
shuffled,1.3544182777404785
ordered,0.626220703125
shuffled,2.5123229026794434
ordered,3.5476274490356445
shuffled,7.46403169631958
ordered,1.025792121887207
shuffled,-0.04145050048828125
ordered,-1.4834246635437012
shuffled,0.7079758644104004
ordered,-1.0818939208984375
shuffled,1.3405060768127441
ordered,0.2869694232940674
shuffled,5.8039984703063965
ordered,6.647723913192749
shuffled,5.299984455108643
ordered,7.388946056365967
shuffled,6.781521797180176
ordered,4.9185872077941895
shuffled,5.96152663230896
ordered,7.320091009140015
shuffled,3.952913761138916
ordered,4.22089409828186
shuffled,5.775087356567383
ordered,7.571247100830078
shuffled,6.131293773651123
ordered,8.73013424873352
shuffled,7.152359962463379
ordered,5.816491603851318
shuffled,5.382545232772827
ordered,7.586212158203125
shuffled,4.783630847930908
ordered,5.581658363342285
shuffled,5.785905122756958
ordered,7.372920513153076
shuffled,6.1186864376068115
ordered,8.764040470123291
shuffled,7.1325154304504395
ordered,5.801820993423462
shuffled,5.357237100601196
ordered,7.883386135101318
shuffled,4.794870853424072
ordered,5.150799989700317
shuffled,4.92199182510376
ordered,3.8219175338745117
shuffled,6.787345886230469
ordered,4.140279293060303
shuffled,5.261013507843018
ordered,4.625621557235718
shuffled,6.358881950378418
ordered,5.444329500198364
shuffled,3.7517940998077393
ordered,4.512235403060913
shuffled,7.48977518081665
ordered,6.186638355255127
shuffled,8.00083041191101
ordered,4.332292079925537
shuffled,4.651876926422119
ordered,5.896326780319214
shuffled,8.06401252746582
ordered,7.104084730148315
shuffled,5.175244331359863
ordered,6.10516619682312
shuffled,7.4910643100738525
ordered,5.915155649185181
shuffled,7.990900039672852
ordered,4.32042384147644
shuffled,4.651986837387085
ordered,5.734983921051025
shuffled,8.024406671524048
ordered,7.083019018173218
shuffled,5.191557168960571
ordered,5.738540172576904
shuffled,7.073710680007935
ordered,7.525597095489502
shuffled,6.711709022521973
ordered,5.184257984161377
shuffled,6.445157766342163
ordered,6.699344754219055
shuffled,4.012806415557861
ordered,4.5232696533203125
shuffled,6.140460014343262
ordered,7.236036777496338
shuffled,10.15867567062378
ordered,9.58115017414093
shuffled,8.682117342948914
ordered,7.121694445610046
shuffled,9.509645700454712
ordered,8.91667115688324
shuffled,6.462347507476807
ordered,7.134406328201294
shuffled,7.756035327911377
ordered,7.922132849693298
shuffled,10.149132013320923
ordered,9.482574105262756
shuffled,8.663159489631653
ordered,7.198018193244934
shuffled,9.525077819824219
ordered,8.965410470962524
shuffled,6.450078725814819
ordered,6.622838973999023
shuffled,7.745757579803467
ordered,7.755089044570923
shuffled,7.396702289581299
ordered,6.819067478179932
shuffled,4.993359088897705
ordered,6.739112138748169
shuffled,7.785374402999878
ordered,8.177453517913818
shuffled,6.563554048538208
ordered,8.799132823944092
shuffled,5.395359992980957
ordered,6.983958005905151
shuffled,7.965797662734985
ordered,5.611081600189209
shuffled,5.514477968215942
ordered,5.362656354904175
shuffled,7.729394912719727
ordered,6.326478838920593
shuffled,4.285645961761475
ordered,8.581262111663818
shuffled,4.386694431304932
ordered,6.435311794281006
shuffled,7.973349094390869
ordered,5.649130344390869
shuffled,5.507537126541138
ordered,5.459958553314209
shuffled,7.7154221534729
ordered,6.320987939834595
shuffled,4.268059968948364
ordered,8.796338200569153
shuffled,4.37407374382019
ordered,6.466995716094971
shuffled,8.280686855316162
ordered,8.338928937911987
shuffled,7.705960988998413
ordered,5.807709217071533
shuffled,5.884135961532593
ordered,9.038531303405762
shuffled,5.22333025932312
ordered,7.876430511474609
shuffled,7.405668020248413
ordered,6.605157136917114
shuffled,5.902359962463379
ordered,8.07383680343628
shuffled,8.103227138519287
ordered,5.7325544357299805
shuffled,5.017691373825073
ordered,7.589602112770081
shuffled,4.441511154174805
ordered,7.405981421470642
shuffled,6.504141569137573
ordered,6.695535659790039
shuffled,5.881131410598755
ordered,7.685389757156372
shuffled,8.093204736709595
ordered,5.8924219608306885
shuffled,5.025718927383423
ordered,7.693758606910706
shuffled,4.419395685195923
ordered,7.9101608991622925
shuffled,6.511865139007568
ordered,6.7155866622924805
shuffled,10.673228740692139
ordered,9.62227475643158
shuffled,8.4324209690094
ordered,8.079267859458923
shuffled,9.314486503601074
ordered,7.828276038169861
shuffled,9.789550542831421
ordered,9.814337968826294
shuffled,10.29521632194519
ordered,9.555389165878296
shuffled,11.473291754722595
ordered,10.380151391029358
shuffled,7.912275195121765
ordered,6.854818820953369
shuffled,10.986902117729187
ordered,8.490062952041626
shuffled,11.364725589752197
ordered,11.191134572029114
shuffled,9.234730243682861
ordered,9.11388111114502
shuffled,11.473234057426453
ordered,10.7127046585083
shuffled,7.910186767578125
ordered,6.78514289855957
shuffled,10.996365427970886
ordered,8.299185633659363
shuffled,11.38019859790802
ordered,10.91327714920044
shuffled,9.235694766044617
ordered,8.80885398387909
shuffled,6.407458305358887
ordered,3.923372268676758
shuffled,3.1421079635620117
ordered,6.8978376388549805
shuffled,7.32479190826416
ordered,5.675479888916016
shuffled,3.1984519958496094
ordered,5.818972110748291
shuffled,9.49975872039795
ordered,6.514093399047852
shuffled,4.851230621337891
ordered,4.322262763977051
shuffled,4.8304853439331055
ordered,3.965165138244629
shuffled,6.101960182189941
ordered,2.734193801879883
shuffled,4.018752098083496
ordered,7.258121490478516
shuffled,7.69587516784668
ordered,5.1290130615234375
shuffled,4.834501266479492
ordered,4.2703399658203125
shuffled,4.826911926269531
ordered,4.102238655090332
shuffled,6.1016693115234375
ordered,2.743471145629883
shuffled,4.011638641357422
ordered,6.850754737854004
shuffled,7.698543548583984
ordered,5.0492095947265625
shuffled,4.4684600830078125
ordered,8.398294448852539
shuffled,3.8934154510498047
ordered,6.241197109222412
shuffled,5.022138595581055
ordered,6.067506313323975
shuffled,5.060901165008545
ordered,7.044396162033081
shuffled,4.865987062454224
ordered,6.785156011581421
shuffled,4.133666276931763
ordered,7.8140281438827515
shuffled,4.227065920829773
ordered,7.234545469284058
shuffled,5.58656644821167
ordered,2.312962770462036
shuffled,7.429685950279236
ordered,8.674651861190796
shuffled,6.091351747512817
ordered,6.120666980743408
shuffled,4.14155900478363
ordered,7.870342254638672
shuffled,4.223155736923218
ordered,7.415715217590332
shuffled,5.5599846839904785
ordered,2.5858322381973267
shuffled,7.403519034385681
ordered,8.822444200515747
shuffled,6.063629627227783
ordered,5.797271728515625
shuffled,7.256003379821777
ordered,8.017421007156372
shuffled,6.409206867218018
ordered,7.555958271026611
shuffled,10.21971845626831
ordered,4.85724139213562
shuffled,6.824519157409668
ordered,8.025133848190308
shuffled,7.706779956817627
ordered,7.142822027206421
shuffled,8.831285953521729
ordered,9.43172025680542
shuffled,7.455264091491699
ordered,8.032127857208252
shuffled,9.896552085876465
ordered,6.365453481674194
shuffled,8.260000705718994
ordered,11.705946683883667
shuffled,8.13538932800293
ordered,8.643325090408325
shuffled,8.845410823822021
ordered,9.52259111404419
shuffled,7.440458655357361
ordered,8.146394848823547
shuffled,9.89499545097351
ordered,6.152484178543091
shuffled,8.262728929519653
ordered,11.871183514595032
shuffled,8.149887561798096
ordered,8.655085802078247
shuffled,5.958954334259033
ordered,7.143577337265015
shuffled,7.0865490436553955
ordered,7.242445468902588
shuffled,5.605372428894043
ordered,5.634575843811035
shuffled,4.867011070251465
ordered,8.2173011302948
shuffled,6.399141311645508
ordered,6.232684135437012
shuffled,5.580045700073242
ordered,8.972524404525757
shuffled,8.040241956710815
ordered,6.614612340927124
shuffled,3.4741017818450928
ordered,5.665139436721802
shuffled,5.523630857467651
ordered,9.11364233493805
shuffled,3.7703230381011963
ordered,5.822444915771484
shuffled,5.602162599563599
ordered,8.739843606948853
shuffled,8.018101453781128
ordered,6.72153115272522
shuffled,3.4970805644989014
ordered,5.466635704040527
shuffled,5.540706396102905
ordered,8.78803038597107
shuffled,3.735074043273926
ordered,5.549849510192871
shuffled,6.424317836761475
ordered,7.826162338256836
shuffled,6.360320568084717
ordered,7.777017593383789
shuffled,7.054844856262207
ordered,7.074522495269775
shuffled,4.472206115722656
ordered,6.143054008483887
shuffled,6.11920690536499
ordered,8.151819229125977
shuffled,10.002222061157227
ordered,9.669055938720703
shuffled,8.432271003723145
ordered,6.902042865753174
shuffled,8.869751453399658
ordered,11.02376127243042
shuffled,9.386932373046875
ordered,9.976907730102539
shuffled,7.022904396057129
ordered,9.432666301727295
shuffled,9.99573278427124
ordered,9.433797836303711
shuffled,8.429951190948486
ordered,6.575886249542236
shuffled,8.898038864135742
ordered,10.83436393737793
shuffled,9.37374210357666
ordered,9.753706455230713
shuffled,6.982109069824219
ordered,9.178768157958984
shuffled,4.978878021240234
ordered,4.255184173583984
shuffled,8.087799549102783
ordered,7.660411357879639
shuffled,7.191017150878906
ordered,8.816657543182373
shuffled,6.338973522186279
ordered,7.292103290557861
shuffled,5.639647483825684
ordered,8.245901107788086
shuffled,5.764578342437744
ordered,4.680283069610596
shuffled,9.481806755065918
ordered,7.9115681648254395
shuffled,7.62738561630249
ordered,10.581409931182861
shuffled,7.649144649505615
ordered,8.215039730072021
shuffled,5.767477989196777
ordered,10.392131805419922
shuffled,5.726477146148682
ordered,4.471068382263184
shuffled,9.456130981445312
ordered,7.535921573638916
shuffled,7.639317035675049
ordered,10.113865375518799
shuffled,7.65505313873291
ordered,7.753706455230713
shuffled,5.670394420623779
ordered,9.639309883117676
shuffled,6.128530740737915
ordered,7.850159168243408
shuffled,6.354578495025635
ordered,6.050105333328247
shuffled,8.63135576248169
ordered,6.490451335906982
shuffled,7.087003707885742
ordered,8.63165283203125
shuffled,6.972222328186035
ordered,8.686498641967773
shuffled,6.215191841125488
ordered,8.521357417106628
shuffled,7.461119651794434
ordered,5.212129354476929
shuffled,8.974361538887024
ordered,6.843795299530029
shuffled,6.970731258392334
ordered,9.754936695098877
shuffled,8.208815813064575
ordered,7.788991689682007
shuffled,6.208934307098389
ordered,8.737385034561157
shuffled,7.427149176597595
ordered,5.492431282997131
shuffled,9.001901507377625
ordered,7.134168028831482
shuffled,6.969171047210693
ordered,9.836363315582275
shuffled,8.214246988296509
ordered,8.09866976737976
