exp,model_type,target_type,condition,model,rel_surp,by_surp,verb_by_surp,det_surp,noun_surp,NP_surp,RC_surp,verb_surp,extra_surp,main_surp
ref,shuffled,reduced,1NP_2NP,models/shuffled/shuffled_LSTM_400_80m_a_10-d0.2.pt,0.0016412734985351562,-0.0002570152282714844,0.0013842582702636719,-0.00033485889434814453,-0.0036897659301757812,-0.004024624824523926,-0.002640366554260254,-0.0011510848999023438,-0.0005464553833007812,-0.001697540283203125
ref,shuffled,reduced,1NP_2NP,models/shuffled/shuffled_LSTM_400_80m_b_11-d0.2.pt,0.0041522979736328125,-0.008200645446777344,-0.004048347473144531,0.0006660223007202148,0.004486083984375,0.005152106285095215,0.0011037588119506836,-0.0031681060791015625,0.000152587890625,-0.0030155181884765625
ref,shuffled,reduced,1NP_2NP,models/shuffled/shuffled_LSTM_400_80m_c_12-d0.2.pt,0.007334709167480469,0.017038345336914062,0.02437305450439453,0.00014865398406982422,0.0107879638671875,0.010936617851257324,0.035309672355651855,-0.0009546279907226562,0.0023670196533203125,0.0014123916625976562
ref,shuffled,reduced,1NP_2NP,models/shuffled/shuffled_LSTM_400_80m_d_13-d0.2.pt,0.0046234130859375,0.0002765655517578125,0.0048999786376953125,-0.0001087188720703125,0.00316619873046875,0.0030574798583984375,0.00795745849609375,0.004822731018066406,-0.00543975830078125,-0.0006170272827148438
ref,shuffled,reduced,1NP_2NP,models/shuffled/shuffled_LSTM_400_80m_e_14-d0.2.pt,0.011189460754394531,-0.01680755615234375,-0.005618095397949219,-0.0009666681289672852,-0.00046825408935546875,-0.001434922218322754,-0.007053017616271973,0.009609222412109375,-0.00412750244140625,0.005481719970703125
ref,ordered,reduced,1NP_2NP,models/ordered/ordered_LSTM_400_80m_a_10-d0.2.pt,0.10147476196289062,-0.04492473602294922,0.056550025939941406,0.04359614849090576,-0.0077610015869140625,0.0358351469039917,0.0923851728439331,0.48908329010009766,0.33182716369628906,0.8209104537963867
ref,ordered,reduced,1NP_2NP,models/ordered/ordered_LSTM_400_80m_b_11-d0.2.pt,-0.026262283325195312,-0.17423057556152344,-0.20049285888671875,-0.007881879806518555,0.19840049743652344,0.19051861763000488,-0.009974241256713867,0.008831024169921875,-0.006008148193359375,0.0028228759765625
ref,ordered,reduced,1NP_2NP,models/ordered/ordered_LSTM_400_80m_c_12-d0.2.pt,0.5363016128540039,-0.04235076904296875,0.49395084381103516,0.08358824253082275,-0.060161590576171875,0.02342665195465088,0.517377495765686,-0.036902427673339844,-0.27694225311279297,-0.3138446807861328
ref,ordered,reduced,1NP_2NP,models/ordered/ordered_LSTM_400_80m_d_13-d0.2.pt,0.3623342514038086,0.013895034790039062,0.37622928619384766,0.05153083801269531,0.36806154251098633,0.41959238052368164,0.7958216667175293,0.10572433471679688,0.056921958923339844,0.16264629364013672
ref,ordered,reduced,1NP_2NP,models/ordered/ordered_LSTM_400_80m_e_14-d0.2.pt,0.3314695358276367,-0.09050464630126953,0.2409648895263672,-0.0011591911315917969,-0.5301084518432617,-0.5312676429748535,-0.29030275344848633,0.2846097946166992,-0.014108657836914062,0.27050113677978516
ref,shuffled,unreduced,1NP_2NP,models/shuffled/shuffled_LSTM_400_80m_a_10-d0.2.pt,0.0021696090698242188,-0.00107574462890625,0.0010938644409179688,0.0002263784408569336,-0.0032892227172851562,-0.0030628442764282227,-0.001968979835510254,-0.0043964385986328125,-4.00543212890625e-05,-0.004436492919921875
ref,shuffled,unreduced,1NP_2NP,models/shuffled/shuffled_LSTM_400_80m_b_11-d0.2.pt,0.0009832382202148438,0.0011858940124511719,0.0021691322326660156,0.0004334449768066406,0.003090381622314453,0.0035238265991210938,0.005692958831787109,-0.003414154052734375,-0.000179290771484375,-0.00359344482421875
ref,shuffled,unreduced,1NP_2NP,models/shuffled/shuffled_LSTM_400_80m_c_12-d0.2.pt,0.004748344421386719,0.0007829666137695312,0.00553131103515625,0.00024271011352539062,0.007887840270996094,0.008130550384521484,0.013661861419677734,0.0014390945434570312,0.0033044815063476562,0.0047435760498046875
ref,shuffled,unreduced,1NP_2NP,models/shuffled/shuffled_LSTM_400_80m_d_13-d0.2.pt,0.003238677978515625,0.00081634521484375,0.004055023193359375,0.00010716915130615234,0.0014586448669433594,0.0015658140182495117,0.005620837211608887,0.0017671585083007812,0.0001373291015625,0.0019044876098632812
ref,shuffled,unreduced,1NP_2NP,models/shuffled/shuffled_LSTM_400_80m_e_14-d0.2.pt,0.0042572021484375,-0.0021746158599853516,0.0020825862884521484,0.0003091096878051758,-0.0017518997192382812,-0.0014427900314331055,0.000639796257019043,0.0060253143310546875,-0.00487518310546875,0.0011501312255859375
ref,ordered,unreduced,1NP_2NP,models/ordered/ordered_LSTM_400_80m_a_10-d0.2.pt,-0.28760433197021484,-0.10764670372009277,-0.3952510356903076,0.01647937297821045,0.08935928344726562,0.10583865642547607,-0.28941237926483154,0.3737163543701172,0.1564788818359375,0.5301952362060547
ref,ordered,unreduced,1NP_2NP,models/ordered/ordered_LSTM_400_80m_b_11-d0.2.pt,0.06848335266113281,-0.08535003662109375,-0.016866683959960938,-0.016756772994995117,0.23302268981933594,0.21626591682434082,0.19939923286437988,0.041481971740722656,-0.03493213653564453,0.006549835205078125
ref,ordered,unreduced,1NP_2NP,models/ordered/ordered_LSTM_400_80m_c_12-d0.2.pt,0.5044498443603516,0.019762039184570312,0.5242118835449219,0.09067165851593018,-0.03428459167480469,0.05638706684112549,0.5805989503860474,-0.03506278991699219,-0.2184581756591797,-0.2535209655761719
ref,ordered,unreduced,1NP_2NP,models/ordered/ordered_LSTM_400_80m_d_13-d0.2.pt,0.1833171844482422,0.06330633163452148,0.24662351608276367,0.018911123275756836,0.27365922927856445,0.2925703525543213,0.539193868637085,0.19518756866455078,0.0621795654296875,0.2573671340942383
ref,ordered,unreduced,1NP_2NP,models/ordered/ordered_LSTM_400_80m_e_14-d0.2.pt,0.27350330352783203,0.05770540237426758,0.3312087059020996,0.02858257293701172,-0.42229652404785156,-0.39371395111083984,-0.06250524520874023,0.25174903869628906,0.0077762603759765625,0.2595252990722656
ref,shuffled,reduced,1NP_2NP,models/shuffled/shuffled_LSTM_400_80m_a_10-d0.2.pt,0.015148162841796875,-0.009604454040527344,0.005543708801269531,-0.0007345676422119141,-0.007721900939941406,-0.00845646858215332,-0.002912759780883789,-0.034781455993652344,-0.004982471466064453,-0.0397639274597168
ref,shuffled,reduced,1NP_2NP,models/shuffled/shuffled_LSTM_400_80m_b_11-d0.2.pt,-0.0034093856811523438,0.0010461807250976562,-0.0023632049560546875,0.001050710678100586,0.01318359375,0.014234304428100586,0.011871099472045898,-0.0013065338134765625,-0.001999378204345703,-0.0033059120178222656
ref,shuffled,reduced,1NP_2NP,models/shuffled/shuffled_LSTM_400_80m_c_12-d0.2.pt,-0.003909111022949219,5.7220458984375e-06,-0.0039033889770507812,0.0007829666137695312,0.0033969879150390625,0.004179954528808594,0.0002765655517578125,-0.0031042098999023438,-0.0014781951904296875,-0.004582405090332031
ref,shuffled,reduced,1NP_2NP,models/shuffled/shuffled_LSTM_400_80m_d_13-d0.2.pt,-0.010745048522949219,-0.00156402587890625,-0.012309074401855469,-0.0003113746643066406,0.010661125183105469,0.010349750518798828,-0.0019593238830566406,-0.0056171417236328125,0.0021250247955322266,-0.003492116928100586
ref,shuffled,reduced,1NP_2NP,models/shuffled/shuffled_LSTM_400_80m_e_14-d0.2.pt,0.02949810028076172,0.0032372474670410156,0.032735347747802734,0.0003224611282348633,0.010006904602050781,0.010329365730285645,0.04306471347808838,0.010567665100097656,-0.0021190643310546875,0.008448600769042969
ref,ordered,reduced,1NP_2NP,models/ordered/ordered_LSTM_400_80m_a_10-d0.2.pt,0.25483083724975586,0.32252025604248047,0.5773510932922363,-0.04198503494262695,-0.41957664489746094,-0.4615616798400879,0.11578941345214844,-0.25257301330566406,-0.043192386627197266,-0.29576539993286133
ref,ordered,reduced,1NP_2NP,models/ordered/ordered_LSTM_400_80m_b_11-d0.2.pt,0.17767906188964844,-0.1456441879272461,0.032034873962402344,-0.0003701448440551758,-0.41726016998291016,-0.41763031482696533,-0.385595440864563,-0.1517343521118164,0.020647048950195312,-0.1310873031616211
ref,ordered,reduced,1NP_2NP,models/ordered/ordered_LSTM_400_80m_c_12-d0.2.pt,0.2748832702636719,-0.0840911865234375,0.19079208374023438,0.0463331937789917,-0.33857154846191406,-0.29223835468292236,-0.10144627094268799,0.12286043167114258,0.0581965446472168,0.18105697631835938
ref,ordered,reduced,1NP_2NP,models/ordered/ordered_LSTM_400_80m_d_13-d0.2.pt,-0.05347585678100586,0.04171276092529297,-0.01176309585571289,0.01778542995452881,-0.7920751571655273,-0.7742897272109985,-0.7860528230667114,0.1019282341003418,0.006787538528442383,0.10871577262878418
ref,ordered,reduced,1NP_2NP,models/ordered/ordered_LSTM_400_80m_e_14-d0.2.pt,-0.39712047576904297,-0.3526749610900879,-0.7497954368591309,-0.013943910598754883,0.2843017578125,0.2703578472137451,-0.47943758964538574,0.059515953063964844,-0.008104801177978516,0.05141115188598633
ref,shuffled,unreduced,1NP_2NP,models/shuffled/shuffled_LSTM_400_80m_a_10-d0.2.pt,0.015056610107421875,-0.00547480583190918,0.009581804275512695,0.0024895668029785156,-0.009238243103027344,-0.006748676300048828,0.002833127975463867,0.004206657409667969,-0.00737452507019043,-0.003167867660522461
ref,shuffled,unreduced,1NP_2NP,models/shuffled/shuffled_LSTM_400_80m_b_11-d0.2.pt,0.0045948028564453125,0.0005419254302978516,0.005136728286743164,-0.00010442733764648438,0.0027036666870117188,0.0025992393493652344,0.0077359676361083984,-0.004398345947265625,-0.0008139610290527344,-0.005212306976318359
ref,shuffled,unreduced,1NP_2NP,models/shuffled/shuffled_LSTM_400_80m_c_12-d0.2.pt,0.0035963058471679688,0.0013742446899414062,0.004970550537109375,-0.0002872943878173828,0.00823974609375,0.007952451705932617,0.012923002243041992,-0.0022611618041992188,-0.0004169940948486328,-0.0026781558990478516
ref,shuffled,unreduced,1NP_2NP,models/shuffled/shuffled_LSTM_400_80m_d_13-d0.2.pt,-0.005359649658203125,0.005139350891113281,-0.00022029876708984375,-0.001107335090637207,0.012996673583984375,0.011889338493347168,0.011669039726257324,-0.003650665283203125,0.0016291141510009766,-0.0020215511322021484
ref,shuffled,unreduced,1NP_2NP,models/shuffled/shuffled_LSTM_400_80m_e_14-d0.2.pt,0.015994548797607422,-0.002574443817138672,0.01342010498046875,0.0013666152954101562,-0.006154060363769531,-0.004787445068359375,0.008632659912109375,0.0061664581298828125,-0.0020949840545654297,0.004071474075317383
ref,ordered,unreduced,1NP_2NP,models/ordered/ordered_LSTM_400_80m_a_10-d0.2.pt,0.3021073341369629,-0.07610297203063965,0.22600436210632324,0.06695592403411865,-0.5270910263061523,-0.4601351022720337,-0.23413074016571045,-0.20576190948486328,-0.02326035499572754,-0.22902226448059082
ref,ordered,unreduced,1NP_2NP,models/ordered/ordered_LSTM_400_80m_b_11-d0.2.pt,0.1934971809387207,0.023637056350708008,0.2171342372894287,0.0429079532623291,-0.4842982292175293,-0.4413902759552002,-0.22425603866577148,-0.07763671875,0.013051271438598633,-0.06458544731140137
ref,ordered,unreduced,1NP_2NP,models/ordered/ordered_LSTM_400_80m_c_12-d0.2.pt,-0.07805848121643066,0.09247469902038574,0.014416217803955078,0.018332719802856445,-0.18705463409423828,-0.16872191429138184,-0.15430569648742676,0.1345081329345703,-0.00045299530029296875,0.13405513763427734
ref,ordered,unreduced,1NP_2NP,models/ordered/ordered_LSTM_400_80m_d_13-d0.2.pt,0.07452726364135742,-0.14621520042419434,-0.07168793678283691,-0.008601784706115723,-0.6879386901855469,-0.6965404748916626,-0.7682284116744995,0.13301897048950195,-0.04573416709899902,0.08728480339050293
ref,ordered,unreduced,1NP_2NP,models/ordered/ordered_LSTM_400_80m_e_14-d0.2.pt,-0.04246330261230469,-0.03175497055053711,-0.0742182731628418,0.013527870178222656,0.23993635177612305,0.2534642219543457,0.1792459487915039,0.10386180877685547,0.004525899887084961,0.10838770866394043
ref,shuffled,reduced,1NP_2NP,models/shuffled/shuffled_LSTM_400_80m_a_10-d0.2.pt,0.0030393600463867188,-0.012815475463867188,-0.009776115417480469,0.0009534358978271484,-0.0027780532836914062,-0.0018246173858642578,-0.011600732803344727,0.0017347335815429688,0.0012233257293701172,0.002958059310913086
ref,shuffled,reduced,1NP_2NP,models/shuffled/shuffled_LSTM_400_80m_b_11-d0.2.pt,-0.005032539367675781,-0.004733562469482422,-0.009766101837158203,0.0005125999450683594,-0.008233070373535156,-0.007720470428466797,-0.017486572265625,0.006539344787597656,-0.001269698143005371,0.005269646644592285
ref,shuffled,reduced,1NP_2NP,models/shuffled/shuffled_LSTM_400_80m_c_12-d0.2.pt,0.0009059906005859375,0.018876075744628906,0.019782066345214844,0.0027441978454589844,0.0003662109375,0.0031104087829589844,0.022892475128173828,0.0014886856079101562,8.404254913330078e-06,0.0014970898628234863
ref,shuffled,reduced,1NP_2NP,models/shuffled/shuffled_LSTM_400_80m_d_13-d0.2.pt,-0.0015268325805664062,0.0005707740783691406,-0.0009560585021972656,-0.0010895729064941406,0.0017499923706054688,0.0006604194641113281,-0.0002956390380859375,0.0006189346313476562,-0.0004532337188720703,0.00016570091247558594
ref,shuffled,reduced,1NP_2NP,models/shuffled/shuffled_LSTM_400_80m_e_14-d0.2.pt,-0.006546974182128906,0.005091190338134766,-0.0014557838439941406,7.534027099609375e-05,-0.0013484954833984375,-0.0012731552124023438,-0.0027289390563964844,-0.005527496337890625,3.7789344787597656e-05,-0.005489706993103027
ref,ordered,reduced,1NP_2NP,models/ordered/ordered_LSTM_400_80m_a_10-d0.2.pt,0.3876791000366211,0.4171485900878906,0.8048276901245117,0.004978656768798828,0.016263961791992188,0.021242618560791016,0.8260703086853027,-0.0783987045288086,0.13413822650909424,0.055739521980285645
ref,ordered,reduced,1NP_2NP,models/ordered/ordered_LSTM_400_80m_b_11-d0.2.pt,0.1314554214477539,-0.04971742630004883,0.08173799514770508,-0.03371930122375488,-0.5576333999633789,-0.5913527011871338,-0.5096147060394287,-0.30092430114746094,0.0225183367729187,-0.27840596437454224
ref,ordered,reduced,1NP_2NP,models/ordered/ordered_LSTM_400_80m_c_12-d0.2.pt,0.6427459716796875,-0.3238387107849121,0.3189072608947754,-0.005423069000244141,-0.08016490936279297,-0.08558797836303711,0.23331928253173828,0.1490335464477539,0.08743500709533691,0.23646855354309082
ref,ordered,reduced,1NP_2NP,models/ordered/ordered_LSTM_400_80m_d_13-d0.2.pt,0.34367942810058594,0.09390926361083984,0.4375886917114258,0.03490424156188965,0.019411087036132812,0.05431532859802246,0.49190402030944824,0.08446311950683594,0.02525418996810913,0.10971730947494507
ref,ordered,reduced,1NP_2NP,models/ordered/ordered_LSTM_400_80m_e_14-d0.2.pt,-0.27666473388671875,0.028339385986328125,-0.24832534790039062,0.0050389766693115234,-0.13939762115478516,-0.13435864448547363,-0.38268399238586426,0.22446823120117188,0.09169930219650269,0.31616753339767456
ref,shuffled,unreduced,1NP_2NP,models/shuffled/shuffled_LSTM_400_80m_a_10-d0.2.pt,0.009174346923828125,-0.00025600194931030273,0.008918344974517822,0.001991748809814453,-0.0033359527587890625,-0.0013442039489746094,0.007574141025543213,0.007595062255859375,0.0014503002166748047,0.00904536247253418
ref,shuffled,unreduced,1NP_2NP,models/shuffled/shuffled_LSTM_400_80m_b_11-d0.2.pt,-0.008365631103515625,-0.0007939934730529785,-0.009159624576568604,0.0015785694122314453,-0.007989883422851562,-0.006411314010620117,-0.01557093858718872,-0.0015735626220703125,-0.0009385347366333008,-0.0025120973587036133
ref,shuffled,unreduced,1NP_2NP,models/shuffled/shuffled_LSTM_400_80m_c_12-d0.2.pt,0.0017518997192382812,0.0012331604957580566,0.002985060214996338,0.0005500316619873047,0.00032329559326171875,0.0008733272552490234,0.0038583874702453613,0.004069328308105469,-0.0005284547805786133,0.0035408735275268555
ref,shuffled,unreduced,1NP_2NP,models/shuffled/shuffled_LSTM_400_80m_d_13-d0.2.pt,0.0012369155883789062,0.002174973487854004,0.00341188907623291,-0.008582830429077148,0.0024728775024414062,-0.006109952926635742,-0.002698063850402832,0.0012416839599609375,-0.0006341934204101562,0.0006074905395507812
ref,shuffled,unreduced,1NP_2NP,models/shuffled/shuffled_LSTM_400_80m_e_14-d0.2.pt,-0.0003070831298828125,-0.0006631016731262207,-0.0009701848030090332,0.001779794692993164,-0.0016222000122070312,0.0001575946807861328,-0.0008125901222229004,-0.001056671142578125,-0.0003917813301086426,-0.0014484524726867676
ref,ordered,unreduced,1NP_2NP,models/ordered/ordered_LSTM_400_80m_a_10-d0.2.pt,0.11902999877929688,-0.00848531723022461,0.11054468154907227,-0.030119657516479492,0.044539451599121094,0.014419794082641602,0.12496447563171387,-0.20017147064208984,0.09045934677124023,-0.10971212387084961
ref,ordered,unreduced,1NP_2NP,models/ordered/ordered_LSTM_400_80m_b_11-d0.2.pt,0.19720077514648438,0.03141176700592041,0.22861254215240479,-0.03725636005401611,-0.29564476013183594,-0.33290112018585205,-0.10428857803344727,-0.4206199645996094,-0.07385659217834473,-0.4944765567779541
ref,ordered,unreduced,1NP_2NP,models/ordered/ordered_LSTM_400_80m_c_12-d0.2.pt,0.04510688781738281,-0.024649500846862793,0.02045738697052002,0.020983219146728516,-0.057659149169921875,-0.03667593002319336,-0.01621854305267334,0.29528331756591797,0.13232922554016113,0.4276125431060791
ref,ordered,unreduced,1NP_2NP,models/ordered/ordered_LSTM_400_80m_d_13-d0.2.pt,-0.22380733489990234,0.099098801612854,-0.12470853328704834,-0.06177926063537598,-0.018227577209472656,-0.08000683784484863,-0.20471537113189697,-0.36428260803222656,0.011622965335845947,-0.3526596426963806
ref,ordered,unreduced,1NP_2NP,models/ordered/ordered_LSTM_400_80m_e_14-d0.2.pt,-0.00015354156494140625,0.08068138360977173,0.08052784204483032,0.034583091735839844,-0.07685565948486328,-0.04227256774902344,0.038255274295806885,0.1610403060913086,0.05200701951980591,0.2130473256111145
ref,shuffled,reduced,1NP_2NP,models/shuffled/shuffled_LSTM_400_80m_a_10-d0.2.pt,0.006247520446777344,-0.0038805007934570312,0.0023670196533203125,0.006134033203125,-0.000820159912109375,0.005313873291015625,0.0076808929443359375,-0.0007905960083007812,0.00030303001403808594,-0.0004875659942626953
ref,shuffled,reduced,1NP_2NP,models/shuffled/shuffled_LSTM_400_80m_b_11-d0.2.pt,0.016550064086914062,0.004942893981933594,0.021492958068847656,0.005185604095458984,-0.0032312870025634766,0.001954317092895508,0.023447275161743164,0.002040863037109375,-0.0003203153610229492,0.0017205476760864258
ref,shuffled,reduced,1NP_2NP,models/shuffled/shuffled_LSTM_400_80m_c_12-d0.2.pt,0.004590034484863281,-0.018541336059570312,-0.013951301574707031,-0.0014128684997558594,-0.005423545837402344,-0.006836414337158203,-0.020787715911865234,-0.011784553527832031,-0.0010656118392944336,-0.012850165367126465
ref,shuffled,reduced,1NP_2NP,models/shuffled/shuffled_LSTM_400_80m_d_13-d0.2.pt,-0.0093841552734375,0.007729053497314453,-0.0016551017761230469,-0.012848854064941406,-0.004205226898193359,-0.017054080963134766,-0.018709182739257812,-0.007297515869140625,0.0009715557098388672,-0.006325960159301758
ref,shuffled,reduced,1NP_2NP,models/shuffled/shuffled_LSTM_400_80m_e_14-d0.2.pt,-0.016712188720703125,0.0003829002380371094,-0.016329288482666016,-0.00011348724365234375,0.005848407745361328,0.005734920501708984,-0.010594367980957031,-0.012064933776855469,-0.0005227327346801758,-0.012587666511535645
ref,ordered,reduced,1NP_2NP,models/ordered/ordered_LSTM_400_80m_a_10-d0.2.pt,0.16606521606445312,0.1049652099609375,0.2710304260253906,-0.21080636978149414,-0.1609032154083252,-0.37170958518981934,-0.10067915916442871,0.03789043426513672,-0.009446382522583008,0.02844405174255371
ref,ordered,reduced,1NP_2NP,models/ordered/ordered_LSTM_400_80m_b_11-d0.2.pt,-0.02901172637939453,0.10183143615722656,0.07281970977783203,-0.08054924011230469,-0.23253750801086426,-0.31308674812316895,-0.24026703834533691,0.3601808547973633,0.013932406902313232,0.3741132616996765
ref,ordered,reduced,1NP_2NP,models/ordered/ordered_LSTM_400_80m_c_12-d0.2.pt,-0.21135520935058594,0.010633468627929688,-0.20072174072265625,0.0038852691650390625,-0.14619040489196777,-0.1423051357269287,-0.34302687644958496,0.021430015563964844,0.00038254261016845703,0.0218125581741333
ref,ordered,reduced,1NP_2NP,models/ordered/ordered_LSTM_400_80m_d_13-d0.2.pt,0.09254169464111328,0.06540679931640625,0.15794849395751953,-0.17400169372558594,-0.10803723335266113,-0.28203892707824707,-0.12409043312072754,0.1112356185913086,-0.017380356788635254,0.09385526180267334
ref,ordered,reduced,1NP_2NP,models/ordered/ordered_LSTM_400_80m_e_14-d0.2.pt,0.10918807983398438,0.06747055053710938,0.17665863037109375,-0.02624797821044922,-0.14744162559509277,-0.173689603805542,0.002969026565551758,-0.038196563720703125,-0.025529921054840088,-0.06372648477554321
ref,shuffled,unreduced,1NP_2NP,models/shuffled/shuffled_LSTM_400_80m_a_10-d0.2.pt,0.0014400482177734375,0.0014967918395996094,0.002936840057373047,0.003899097442626953,-0.0014753341674804688,0.0024237632751464844,0.005360603332519531,0.0083160400390625,0.000498652458190918,0.008814692497253418
ref,shuffled,unreduced,1NP_2NP,models/shuffled/shuffled_LSTM_400_80m_b_11-d0.2.pt,0.007985115051269531,0.0005686283111572266,0.008553743362426758,0.007061481475830078,-0.0028252601623535156,0.0042362213134765625,0.01278996467590332,-0.011269569396972656,-0.00015664100646972656,-0.011426210403442383
ref,shuffled,unreduced,1NP_2NP,models/shuffled/shuffled_LSTM_400_80m_c_12-d0.2.pt,0.006331443786621094,-0.0008771419525146484,0.005454301834106445,-0.001008749008178711,-0.0004405975341796875,-0.0014493465423583984,0.004004955291748047,-0.017846107482910156,-0.0008213520050048828,-0.01866745948791504
ref,shuffled,unreduced,1NP_2NP,models/shuffled/shuffled_LSTM_400_80m_d_13-d0.2.pt,-0.0031099319458007812,0.0008616447448730469,-0.0022482872009277344,-0.00968027114868164,-0.0042836666107177734,-0.013963937759399414,-0.01621222496032715,0.0007381439208984375,0.0003707408905029297,0.0011088848114013672
ref,shuffled,unreduced,1NP_2NP,models/shuffled/shuffled_LSTM_400_80m_e_14-d0.2.pt,0.004464149475097656,0.0036928653717041016,0.008157014846801758,-0.0015938282012939453,0.0055141448974609375,0.003920316696166992,0.01207733154296875,0.0022592544555664062,-0.0002944469451904297,0.0019648075103759766
ref,ordered,unreduced,1NP_2NP,models/ordered/ordered_LSTM_400_80m_a_10-d0.2.pt,0.10729217529296875,0.0024976730346679688,0.10978984832763672,-0.22192144393920898,-0.10300493240356445,-0.32492637634277344,-0.21513652801513672,0.03076648712158203,-0.0030303597450256348,0.027736127376556396
ref,ordered,unreduced,1NP_2NP,models/ordered/ordered_LSTM_400_80m_b_11-d0.2.pt,0.0029115676879882812,-0.018798351287841797,-0.015886783599853516,-0.05353975296020508,-0.15552616119384766,-0.20906591415405273,-0.22495269775390625,0.08489513397216797,0.01945972442626953,0.1043548583984375
ref,ordered,unreduced,1NP_2NP,models/ordered/ordered_LSTM_400_80m_c_12-d0.2.pt,-0.2622213363647461,0.04153180122375488,-0.2206895351409912,0.005819797515869141,-0.09431195259094238,-0.08849215507507324,-0.30918169021606445,0.03726387023925781,-0.005430042743682861,0.03183382749557495
ref,ordered,unreduced,1NP_2NP,models/ordered/ordered_LSTM_400_80m_d_13-d0.2.pt,0.0030231475830078125,0.09760928153991699,0.1006324291229248,-0.12398290634155273,-0.0734100341796875,-0.19739294052124023,-0.09676051139831543,-0.07355403900146484,-0.013516664505004883,-0.08707070350646973
ref,ordered,unreduced,1NP_2NP,models/ordered/ordered_LSTM_400_80m_e_14-d0.2.pt,0.05183982849121094,0.01770305633544922,0.06954288482666016,-0.048836708068847656,-0.14903664588928223,-0.19787335395812988,-0.12833046913146973,0.11094379425048828,-0.022494077682495117,0.08844971656799316
ref,shuffled,reduced,1NP_2NP,models/shuffled/shuffled_LSTM_400_80m_a_10-d0.2.pt,-0.0076885223388671875,-0.003914833068847656,-0.011603355407714844,0.0051212310791015625,-0.010172843933105469,-0.005051612854003906,-0.01665496826171875,0.006003379821777344,-0.007940292358398438,-0.0019369125366210938
ref,shuffled,reduced,1NP_2NP,models/shuffled/shuffled_LSTM_400_80m_b_11-d0.2.pt,0.00637054443359375,-0.007866859436035156,-0.0014963150024414062,-0.0010318756103515625,-0.003570556640625,-0.0046024322509765625,-0.006098747253417969,0.00274658203125,-0.0005598068237304688,0.0021867752075195312
ref,shuffled,reduced,1NP_2NP,models/shuffled/shuffled_LSTM_400_80m_c_12-d0.2.pt,0.004466056823730469,0.0013227462768554688,0.0057888031005859375,0.00037479400634765625,0.00203704833984375,0.0024118423461914062,0.008200645446777344,0.0044689178466796875,0.0014982223510742188,0.005967140197753906
ref,shuffled,reduced,1NP_2NP,models/shuffled/shuffled_LSTM_400_80m_d_13-d0.2.pt,0.0021238327026367188,-0.009262561798095703,-0.007138729095458984,-0.0037474632263183594,0.0030641555786132812,-0.0006833076477050781,-0.007822036743164062,0.024677276611328125,0.006335258483886719,0.031012535095214844
ref,shuffled,reduced,1NP_2NP,models/shuffled/shuffled_LSTM_400_80m_e_14-d0.2.pt,0.019573211669921875,0.0038895606994628906,0.023462772369384766,0.0021315813064575195,0.0028133392333984375,0.004944920539855957,0.028407692909240723,0.009244918823242188,-0.0040130615234375,0.0052318572998046875
ref,ordered,reduced,1NP_2NP,models/ordered/ordered_LSTM_400_80m_a_10-d0.2.pt,-0.2557096481323242,0.2554359436035156,-0.00027370452880859375,0.06396329402923584,0.3100090026855469,0.3739722967147827,0.3736985921859741,0.4307289123535156,0.1842174530029297,0.6149463653564453
ref,ordered,reduced,1NP_2NP,models/ordered/ordered_LSTM_400_80m_b_11-d0.2.pt,0.18999767303466797,0.0007228851318359375,0.1907205581665039,0.011144161224365234,0.9000892639160156,0.9112334251403809,1.1019539833068848,0.4142723083496094,0.7318820953369141,1.1461544036865234
ref,ordered,reduced,1NP_2NP,models/ordered/ordered_LSTM_400_80m_c_12-d0.2.pt,-0.12078285217285156,-0.0807657241821289,-0.20154857635498047,0.00892019271850586,0.10822582244873047,0.11714601516723633,-0.08440256118774414,0.1714305877685547,0.15018749237060547,0.32161808013916016
ref,ordered,reduced,1NP_2NP,models/ordered/ordered_LSTM_400_80m_d_13-d0.2.pt,-0.04050254821777344,-0.06742000579833984,-0.10792255401611328,0.07808852195739746,-0.11939144134521484,-0.04130291938781738,-0.14922547340393066,0.6685457229614258,-0.20392608642578125,0.46461963653564453
ref,ordered,reduced,1NP_2NP,models/ordered/ordered_LSTM_400_80m_e_14-d0.2.pt,0.030954360961914062,-0.08066844940185547,-0.049714088439941406,0.04319190979003906,0.22273731231689453,0.2659292221069336,0.2162151336669922,0.26062679290771484,-0.13840675354003906,0.12222003936767578
ref,shuffled,unreduced,1NP_2NP,models/shuffled/shuffled_LSTM_400_80m_a_10-d0.2.pt,-0.005016326904296875,-0.005746364593505859,-0.010762691497802734,0.002936840057373047,0.0004558563232421875,0.0033926963806152344,-0.0073699951171875,0.011182785034179688,0.004634857177734375,0.015817642211914062
ref,shuffled,unreduced,1NP_2NP,models/shuffled/shuffled_LSTM_400_80m_b_11-d0.2.pt,-0.0004949569702148438,0.0009241104125976562,0.0004291534423828125,-0.00020992755889892578,-0.004161834716796875,-0.004371762275695801,-0.003942608833312988,0.001857757568359375,-0.002166748046875,-0.000308990478515625
ref,shuffled,unreduced,1NP_2NP,models/shuffled/shuffled_LSTM_400_80m_c_12-d0.2.pt,-0.0012788772583007812,0.00106048583984375,-0.00021839141845703125,-0.0004818439483642578,0.0016613006591796875,0.0011794567108154297,0.0009610652923583984,-0.010357856750488281,0.004065513610839844,-0.0062923431396484375
ref,shuffled,unreduced,1NP_2NP,models/shuffled/shuffled_LSTM_400_80m_d_13-d0.2.pt,-0.0010805130004882812,-0.0019712448120117188,-0.0030517578125,-0.0016056299209594727,0.0021448135375976562,0.0005391836166381836,-0.0025125741958618164,0.022398948669433594,-0.0019855499267578125,0.02041339874267578
ref,shuffled,unreduced,1NP_2NP,models/shuffled/shuffled_LSTM_400_80m_e_14-d0.2.pt,0.0038852691650390625,-0.0005102157592773438,0.0033750534057617188,0.0010374784469604492,0.0025453567504882812,0.0035828351974487305,0.006957888603210449,0.005099296569824219,-0.001239776611328125,0.0038595199584960938
ref,ordered,unreduced,1NP_2NP,models/ordered/ordered_LSTM_400_80m_a_10-d0.2.pt,-0.05935192108154297,-0.03284263610839844,-0.0921945571899414,0.03590512275695801,0.22117900848388672,0.2570841312408447,0.16488957405090332,0.2882204055786133,0.09740924835205078,0.38562965393066406
ref,ordered,unreduced,1NP_2NP,models/ordered/ordered_LSTM_400_80m_b_11-d0.2.pt,0.25130748748779297,-0.025557994842529297,0.22574949264526367,-0.01797342300415039,0.6951065063476562,0.6771330833435059,0.9028825759887695,0.4221677780151367,0.7323932647705078,1.1545610427856445
ref,ordered,unreduced,1NP_2NP,models/ordered/ordered_LSTM_400_80m_c_12-d0.2.pt,-0.27927207946777344,-0.04563426971435547,-0.3249063491821289,0.007414817810058594,0.05615043640136719,0.06356525421142578,-0.2613410949707031,0.1466236114501953,0.10051155090332031,0.24713516235351562
ref,ordered,unreduced,1NP_2NP,models/ordered/ordered_LSTM_400_80m_d_13-d0.2.pt,0.025300025939941406,-0.025858402252197266,-0.0005583763122558594,0.08825838565826416,-0.16570138931274414,-0.07744300365447998,-0.07800137996673584,0.7105302810668945,-0.20987892150878906,0.5006513595581055
ref,ordered,unreduced,1NP_2NP,models/ordered/ordered_LSTM_400_80m_e_14-d0.2.pt,0.3454256057739258,-0.04601144790649414,0.29941415786743164,0.006693720817565918,0.38289833068847656,0.3895920515060425,0.6890062093734741,0.25700950622558594,-0.1190948486328125,0.13791465759277344
ref,shuffled,reduced,1NP_2NP,models/shuffled/shuffled_LSTM_400_80m_a_10-d0.2.pt,-0.008440017700195312,-0.004067420959472656,-0.012507438659667969,0.003245830535888672,0.0033578872680664062,0.006603717803955078,-0.005903720855712891,-0.0047779083251953125,0.0001310110092163086,-0.004646897315979004
ref,shuffled,reduced,1NP_2NP,models/shuffled/shuffled_LSTM_400_80m_b_11-d0.2.pt,0.009054183959960938,-0.0014629364013671875,0.00759124755859375,-0.0005364418029785156,-0.003384113311767578,-0.003920555114746094,0.0036706924438476562,-0.0028676986694335938,0.0012102127075195312,-0.0016574859619140625
ref,shuffled,reduced,1NP_2NP,models/shuffled/shuffled_LSTM_400_80m_c_12-d0.2.pt,-0.0101470947265625,-0.0007538795471191406,-0.01090097427368164,0.004381656646728516,0.006548881530761719,0.010930538177490234,2.956390380859375e-05,0.008081436157226562,0.003106236457824707,0.01118767261505127
ref,shuffled,reduced,1NP_2NP,models/shuffled/shuffled_LSTM_400_80m_d_13-d0.2.pt,-0.01656341552734375,0.007320404052734375,-0.009243011474609375,-0.013872146606445312,-0.004148721694946289,-0.0180208683013916,-0.027263879776000977,0.004384040832519531,0.0012831687927246094,0.005667209625244141
ref,shuffled,reduced,1NP_2NP,models/shuffled/shuffled_LSTM_400_80m_e_14-d0.2.pt,0.00012969970703125,-0.003380298614501953,-0.003250598907470703,0.0023398399353027344,-0.005619049072265625,-0.0032792091369628906,-0.006529808044433594,0.00078582763671875,0.0013930797576904297,0.0021789073944091797
ref,ordered,reduced,1NP_2NP,models/ordered/ordered_LSTM_400_80m_a_10-d0.2.pt,-0.08254623413085938,0.29410743713378906,0.2115612030029297,-0.502953052520752,-0.4331941604614258,-0.9361472129821777,-0.724586009979248,0.054001808166503906,0.09605586528778076,0.15005767345428467
ref,ordered,reduced,1NP_2NP,models/ordered/ordered_LSTM_400_80m_b_11-d0.2.pt,0.016002655029296875,-9.393692016601562e-05,0.01590871810913086,-0.07396817207336426,-0.24259376525878906,-0.3165619373321533,-0.30065321922302246,0.11304283142089844,0.052854180335998535,0.16589701175689697
ref,ordered,reduced,1NP_2NP,models/ordered/ordered_LSTM_400_80m_c_12-d0.2.pt,0.18392372131347656,-0.007842540740966797,0.17608118057250977,-0.08908414840698242,-0.1493213176727295,-0.23840546607971191,-0.06232428550720215,0.10767745971679688,-0.00031447410583496094,0.10736298561096191
ref,ordered,reduced,1NP_2NP,models/ordered/ordered_LSTM_400_80m_d_13-d0.2.pt,0.06521987915039062,0.06265926361083984,0.12787914276123047,-0.2214798927307129,-0.0820167064666748,-0.3034965991973877,-0.17561745643615723,0.034874916076660156,0.03625154495239258,0.07112646102905273
ref,ordered,reduced,1NP_2NP,models/ordered/ordered_LSTM_400_80m_e_14-d0.2.pt,0.5790824890136719,0.13755226135253906,0.7166347503662109,-0.2337627410888672,-0.27480340003967285,-0.50856614112854,0.2080686092376709,0.09495353698730469,0.04066276550292969,0.13561630249023438
ref,shuffled,unreduced,1NP_2NP,models/shuffled/shuffled_LSTM_400_80m_a_10-d0.2.pt,-0.0030517578125,6.777048110961914e-05,-0.002983987331390381,0.0027837753295898438,0.005343437194824219,0.008127212524414062,0.005143225193023682,0.004128456115722656,-0.0005121231079101562,0.0036163330078125
ref,shuffled,unreduced,1NP_2NP,models/shuffled/shuffled_LSTM_400_80m_b_11-d0.2.pt,0.004044532775878906,-0.000996708869934082,0.0030478239059448242,-0.0009946823120117188,-0.0019683837890625,-0.0029630661010742188,8.475780487060547e-05,-0.003912925720214844,0.0011255741119384766,-0.002787351608276367
ref,shuffled,unreduced,1NP_2NP,models/shuffled/shuffled_LSTM_400_80m_c_12-d0.2.pt,-0.0029468536376953125,-0.002042412757873535,-0.004989266395568848,0.0036211013793945312,0.008391380310058594,0.012012481689453125,0.007023215293884277,-0.0024709701538085938,0.0028047561645507812,0.0003337860107421875
ref,shuffled,unreduced,1NP_2NP,models/shuffled/shuffled_LSTM_400_80m_d_13-d0.2.pt,-0.00939178466796875,0.00431668758392334,-0.00507509708404541,-0.0128021240234375,-0.002923250198364258,-0.015725374221801758,-0.020800471305847168,-0.00040149688720703125,0.0034537315368652344,0.003052234649658203
ref,shuffled,unreduced,1NP_2NP,models/shuffled/shuffled_LSTM_400_80m_e_14-d0.2.pt,0.008504867553710938,0.0004761219024658203,0.008980989456176758,0.0005016326904296875,-0.003628253936767578,-0.0031266212463378906,0.005854368209838867,-0.00394439697265625,0.0006805658340454102,-0.00326383113861084
ref,ordered,unreduced,1NP_2NP,models/ordered/ordered_LSTM_400_80m_a_10-d0.2.pt,-0.06032752990722656,-0.02323514223098755,-0.08356267213821411,-0.4772214889526367,-0.3529672622680664,-0.8301887512207031,-0.9137514233589172,-0.006850242614746094,0.06479346752166748,0.05794322490692139
ref,ordered,unreduced,1NP_2NP,models/ordered/ordered_LSTM_400_80m_b_11-d0.2.pt,-0.04150581359863281,-0.02043008804321289,-0.0619359016418457,-0.030055522918701172,-0.1678924560546875,-0.19794797897338867,-0.2598838806152344,0.08295249938964844,0.032948970794677734,0.11590147018432617
ref,ordered,unreduced,1NP_2NP,models/ordered/ordered_LSTM_400_80m_c_12-d0.2.pt,-0.031036376953125,0.01381373405456543,-0.01722264289855957,-0.07475495338439941,-0.14946794509887695,-0.22422289848327637,-0.24144554138183594,0.16797256469726562,0.025508642196655273,0.1934812068939209
ref,ordered,unreduced,1NP_2NP,models/ordered/ordered_LSTM_400_80m_d_13-d0.2.pt,0.13021278381347656,0.029071807861328125,0.1592845916748047,-0.24842596054077148,-0.049722909927368164,-0.29814887046813965,-0.13886427879333496,-0.006258964538574219,0.029614686965942383,0.023355722427368164
ref,ordered,unreduced,1NP_2NP,models/ordered/ordered_LSTM_400_80m_e_14-d0.2.pt,0.3009977340698242,0.02813720703125,0.3291349411010742,-0.23894977569580078,-0.24368000030517578,-0.48262977600097656,-0.15349483489990234,0.1062021255493164,0.016390323638916016,0.12259244918823242
ref,shuffled,reduced,1NP_2NP,models/shuffled/shuffled_LSTM_400_80m_a_10-d0.2.pt,-0.0016307830810546875,-0.003162384033203125,-0.0047931671142578125,-0.0005197525024414062,-0.006367683410644531,-0.0068874359130859375,-0.01168060302734375,-5.054473876953125e-05,0.00017213821411132812,0.00012159347534179688
ref,shuffled,reduced,1NP_2NP,models/shuffled/shuffled_LSTM_400_80m_b_11-d0.2.pt,0.006459236145019531,-0.004107475280761719,0.0023517608642578125,0.0005433559417724609,-0.012293815612792969,-0.011750459671020508,-0.009398698806762695,-0.004002571105957031,-0.002781510353088379,-0.00678408145904541
ref,shuffled,reduced,1NP_2NP,models/shuffled/shuffled_LSTM_400_80m_c_12-d0.2.pt,0.0035142898559570312,0.0036559104919433594,0.007170200347900391,0.0007278919219970703,-0.005410194396972656,-0.004682302474975586,0.0024878978729248047,0.013070106506347656,-0.0006294846534729004,0.012440621852874756
ref,shuffled,reduced,1NP_2NP,models/shuffled/shuffled_LSTM_400_80m_d_13-d0.2.pt,-0.0008487701416015625,0.0002913475036621094,-0.0005574226379394531,-0.0006468296051025391,-0.006949424743652344,-0.007596254348754883,-0.008153676986694336,0.0023717880249023438,-0.0017616748809814453,0.0006101131439208984
ref,shuffled,reduced,1NP_2NP,models/shuffled/shuffled_LSTM_400_80m_e_14-d0.2.pt,-0.0072612762451171875,0.002063751220703125,-0.0051975250244140625,0.0025893449783325195,-0.0031604766845703125,-0.000571131706237793,-0.0057686567306518555,-0.002960205078125,0.0008728504180908203,-0.0020873546600341797
ref,ordered,reduced,1NP_2NP,models/ordered/ordered_LSTM_400_80m_a_10-d0.2.pt,-0.11287879943847656,0.07497406005859375,-0.03790473937988281,0.03661763668060303,-0.6521024703979492,-0.6154848337173462,-0.653389573097229,-0.13342857360839844,-0.007300853729248047,-0.14072942733764648
ref,ordered,reduced,1NP_2NP,models/ordered/ordered_LSTM_400_80m_b_11-d0.2.pt,-0.9605293273925781,0.3434000015258789,-0.6171293258666992,0.010096311569213867,-0.7028083801269531,-0.6927120685577393,-1.3098413944244385,-1.116048812866211,-0.03428208827972412,-1.150330901145935
ref,ordered,reduced,1NP_2NP,models/ordered/ordered_LSTM_400_80m_c_12-d0.2.pt,-0.014404296875,0.003025054931640625,-0.011379241943359375,0.09290516376495361,-0.870203971862793,-0.7772988080978394,-0.7886780500411987,-0.23308563232421875,-0.0013614296913146973,-0.23444706201553345
ref,ordered,reduced,1NP_2NP,models/ordered/ordered_LSTM_400_80m_d_13-d0.2.pt,0.3159675598144531,-0.012706756591796875,0.30326080322265625,0.04033398628234863,-0.32184505462646484,-0.2815110683441162,0.02174973487854004,0.010125160217285156,0.046224892139434814,0.05635005235671997
ref,ordered,reduced,1NP_2NP,models/ordered/ordered_LSTM_400_80m_e_14-d0.2.pt,0.2735261917114258,-0.12067890167236328,0.1528472900390625,0.07369828224182129,-0.6723427772521973,-0.598644495010376,-0.4457972049713135,-0.0907135009765625,0.03339254856109619,-0.05732095241546631
ref,shuffled,unreduced,1NP_2NP,models/shuffled/shuffled_LSTM_400_80m_a_10-d0.2.pt,-0.010900497436523438,0.00043845176696777344,-0.010462045669555664,0.0005352497100830078,0.000217437744140625,0.0007526874542236328,-0.009709358215332031,0.005855560302734375,0.004162430763244629,0.010017991065979004
ref,shuffled,unreduced,1NP_2NP,models/shuffled/shuffled_LSTM_400_80m_b_11-d0.2.pt,0.010819435119628906,-0.0013828277587890625,0.009436607360839844,-0.0004526376724243164,-0.011555671691894531,-0.012008309364318848,-0.002571702003479004,-0.00826263427734375,-0.0013425350189208984,-0.009605169296264648
ref,shuffled,unreduced,1NP_2NP,models/shuffled/shuffled_LSTM_400_80m_c_12-d0.2.pt,-0.003330230712890625,0.002941608428955078,-0.0003886222839355469,0.00028061866760253906,-0.0038623809814453125,-0.0035817623138427734,-0.00397038459777832,0.014193534851074219,-0.00018787384033203125,0.014005661010742188
ref,shuffled,unreduced,1NP_2NP,models/shuffled/shuffled_LSTM_400_80m_d_13-d0.2.pt,0.0015401840209960938,0.0014576911926269531,0.002997875213623047,0.0003304481506347656,-0.007227897644042969,-0.006897449493408203,-0.0038995742797851562,-0.0022802352905273438,-0.0021005868911743164,-0.00438082218170166
ref,shuffled,unreduced,1NP_2NP,models/shuffled/shuffled_LSTM_400_80m_e_14-d0.2.pt,0.0014944076538085938,0.0019731521606445312,0.003467559814453125,0.0019066333770751953,-0.005511283874511719,-0.0036046504974365234,-0.00013709068298339844,-0.003958702087402344,-0.0015550851821899414,-0.005513787269592285
ref,ordered,unreduced,1NP_2NP,models/ordered/ordered_LSTM_400_80m_a_10-d0.2.pt,0.11204338073730469,0.002508401870727539,0.11455178260803223,0.025377988815307617,-0.4740467071533203,-0.4486687183380127,-0.33411693572998047,-0.18265342712402344,-0.004657864570617676,-0.1873112916946411
ref,ordered,unreduced,1NP_2NP,models/ordered/ordered_LSTM_400_80m_b_11-d0.2.pt,-0.11327362060546875,0.01965188980102539,-0.09362173080444336,0.03222835063934326,-0.6194233894348145,-0.5871950387954712,-0.6808167695999146,-0.8584461212158203,-0.006963491439819336,-0.8654096126556396
ref,ordered,unreduced,1NP_2NP,models/ordered/ordered_LSTM_400_80m_c_12-d0.2.pt,-0.15558242797851562,0.0282285213470459,-0.12735390663146973,0.08788514137268066,-0.7364206314086914,-0.6485354900360107,-0.7758893966674805,-0.33667564392089844,-0.005841255187988281,-0.3425168991088867
ref,ordered,unreduced,1NP_2NP,models/ordered/ordered_LSTM_400_80m_d_13-d0.2.pt,0.10187816619873047,0.033030033111572266,0.13490819931030273,0.037659525871276855,-0.34924983978271484,-0.311590313911438,-0.17668211460113525,0.03017711639404297,0.050219058990478516,0.08039617538452148
ref,ordered,unreduced,1NP_2NP,models/ordered/ordered_LSTM_400_80m_e_14-d0.2.pt,0.23977184295654297,-0.08869147300720215,0.15108036994934082,0.046239256858825684,-0.6008439064025879,-0.5546046495437622,-0.4035242795944214,-0.10025262832641602,0.04819631576538086,-0.052056312561035156
ref,shuffled,reduced,1NP_2NP,models/shuffled/shuffled_LSTM_400_80m_a_10-d0.2.pt,0.004185676574707031,-0.003021240234375,0.0011644363403320312,0.0006806850433349609,0.007572174072265625,0.008252859115600586,0.009417295455932617,0.008234024047851562,8.678436279296875e-05,0.008320808410644531
ref,shuffled,reduced,1NP_2NP,models/shuffled/shuffled_LSTM_400_80m_b_11-d0.2.pt,0.00440216064453125,-0.004885673522949219,-0.00048351287841796875,-0.0002167224884033203,0.0021953582763671875,0.001978635787963867,0.0014951229095458984,0.00013065338134765625,-0.0016062259674072266,-0.0014755725860595703
ref,shuffled,reduced,1NP_2NP,models/shuffled/shuffled_LSTM_400_80m_c_12-d0.2.pt,0.010985374450683594,-0.0022640228271484375,0.008721351623535156,-0.0012226104736328125,0.010338783264160156,0.009116172790527344,0.0178375244140625,0.0016574859619140625,-0.000667572021484375,0.0009899139404296875
ref,shuffled,reduced,1NP_2NP,models/shuffled/shuffled_LSTM_400_80m_d_13-d0.2.pt,0.008317947387695312,0.004694938659667969,0.013012886047363281,-0.0021445751190185547,0.0036945343017578125,0.0015499591827392578,0.014562845230102539,0.0009746551513671875,0.0029685497283935547,0.003943204879760742
ref,shuffled,reduced,1NP_2NP,models/shuffled/shuffled_LSTM_400_80m_e_14-d0.2.pt,0.0086517333984375,0.0011911392211914062,0.009842872619628906,0.0017899274826049805,0.0033559799194335938,0.005145907402038574,0.01498878002166748,0.004540443420410156,0.0006656646728515625,0.005206108093261719
ref,ordered,reduced,1NP_2NP,models/ordered/ordered_LSTM_400_80m_a_10-d0.2.pt,0.4918031692504883,0.31909942626953125,0.8109025955200195,0.051152825355529785,-0.09406852722167969,-0.0429157018661499,0.7679868936538696,-0.20331954956054688,0.057274460792541504,-0.14604508876800537
ref,ordered,reduced,1NP_2NP,models/ordered/ordered_LSTM_400_80m_b_11-d0.2.pt,1.6930675506591797,-0.3702402114868164,1.3228273391723633,0.014368295669555664,-0.09072303771972656,-0.0763547420501709,1.2464725971221924,0.3579750061035156,0.07921850681304932,0.43719351291656494
ref,ordered,reduced,1NP_2NP,models/ordered/ordered_LSTM_400_80m_c_12-d0.2.pt,0.7012968063354492,0.023523330688476562,0.7248201370239258,0.07537579536437988,0.07985305786132812,0.155228853225708,0.8800489902496338,0.33310699462890625,0.05810511112213135,0.3912121057510376
ref,ordered,reduced,1NP_2NP,models/ordered/ordered_LSTM_400_80m_d_13-d0.2.pt,0.3922386169433594,0.07161235809326172,0.4638509750366211,0.05841565132141113,0.037133216857910156,0.09554886817932129,0.5593998432159424,0.026874542236328125,0.03070354461669922,0.057578086853027344
ref,ordered,reduced,1NP_2NP,models/ordered/ordered_LSTM_400_80m_e_14-d0.2.pt,0.15325450897216797,0.14521551132202148,0.29847002029418945,0.01604926586151123,0.12745952606201172,0.14350879192352295,0.4419788122177124,0.35564708709716797,0.011342883110046387,0.36698997020721436
ref,shuffled,unreduced,1NP_2NP,models/shuffled/shuffled_LSTM_400_80m_a_10-d0.2.pt,0.014403343200683594,-0.0032711029052734375,0.011132240295410156,-0.00011074542999267578,0.000141143798828125,3.039836883544922e-05,0.011162638664245605,0.0053348541259765625,0.00038695335388183594,0.0057218074798583984
ref,shuffled,unreduced,1NP_2NP,models/shuffled/shuffled_LSTM_400_80m_b_11-d0.2.pt,0.01872539520263672,0.0003635883331298828,0.0190889835357666,2.1219253540039062e-05,0.011591911315917969,0.011613130569458008,0.03070211410522461,0.0016651153564453125,-0.0007491111755371094,0.0009160041809082031
ref,shuffled,unreduced,1NP_2NP,models/shuffled/shuffled_LSTM_400_80m_c_12-d0.2.pt,0.008496284484863281,0.005026817321777344,0.013523101806640625,0.0005004405975341797,0.0011653900146484375,0.0016658306121826172,0.015188932418823242,0.0022459030151367188,0.0005054473876953125,0.0027513504028320312
ref,shuffled,unreduced,1NP_2NP,models/shuffled/shuffled_LSTM_400_80m_d_13-d0.2.pt,-0.0006132125854492188,0.0019047260284423828,0.001291513442993164,-0.0006712675094604492,0.0017232894897460938,0.0010520219802856445,0.0023435354232788086,0.0027360916137695312,0.0022983551025390625,0.005034446716308594
ref,shuffled,unreduced,1NP_2NP,models/shuffled/shuffled_LSTM_400_80m_e_14-d0.2.pt,0.0038700103759765625,0.0019123554229736328,0.005782365798950195,0.0013053417205810547,0.0005588531494140625,0.0018641948699951172,0.0076465606689453125,0.0016489028930664062,0.0013561248779296875,0.0030050277709960938
ref,ordered,unreduced,1NP_2NP,models/ordered/ordered_LSTM_400_80m_a_10-d0.2.pt,0.48696422576904297,-0.1126253604888916,0.37433886528015137,0.06826519966125488,-0.0259552001953125,0.04230999946594238,0.41664886474609375,-0.1098928451538086,0.07350718975067139,-0.03638565540313721
ref,ordered,unreduced,1NP_2NP,models/ordered/ordered_LSTM_400_80m_b_11-d0.2.pt,1.2424240112304688,-0.11836910247802734,1.1240549087524414,0.028644561767578125,0.06429290771484375,0.09293746948242188,1.2169923782348633,0.2239837646484375,-0.0016003847122192383,0.22238337993621826
ref,ordered,unreduced,1NP_2NP,models/ordered/ordered_LSTM_400_80m_c_12-d0.2.pt,0.6273975372314453,0.1404895782470703,0.7678871154785156,0.06604671478271484,0.11232280731201172,0.17836952209472656,0.9462566375732422,0.2598686218261719,0.05646514892578125,0.3163337707519531
ref,ordered,unreduced,1NP_2NP,models/ordered/ordered_LSTM_400_80m_d_13-d0.2.pt,0.33154869079589844,-0.05684995651245117,0.27469873428344727,0.037900686264038086,0.03202629089355469,0.06992697715759277,0.34462571144104004,0.11227893829345703,0.02122199535369873,0.13350093364715576
ref,ordered,unreduced,1NP_2NP,models/ordered/ordered_LSTM_400_80m_e_14-d0.2.pt,0.16156959533691406,0.06941604614257812,0.2309856414794922,0.04141223430633545,0.09459495544433594,0.1360071897506714,0.3669928312301636,0.3207683563232422,-0.011273860931396484,0.3094944953918457
ref,shuffled,reduced,1NP_2NP,models/shuffled/shuffled_LSTM_400_80m_a_10-d0.2.pt,0.007822036743164062,0.0027379989624023438,0.010560035705566406,0.0010616779327392578,0.00093841552734375,0.002000093460083008,0.012560129165649414,-0.00550079345703125,-0.0023751258850097656,-0.007875919342041016
ref,shuffled,reduced,1NP_2NP,models/shuffled/shuffled_LSTM_400_80m_b_11-d0.2.pt,-0.018166542053222656,-0.0021958351135253906,-0.020362377166748047,0.0005844831466674805,-0.0026531219482421875,-0.002068638801574707,-0.022431015968322754,-0.000209808349609375,-0.0022211074829101562,-0.0024309158325195312
ref,shuffled,reduced,1NP_2NP,models/shuffled/shuffled_LSTM_400_80m_c_12-d0.2.pt,0.01686382293701172,0.006505012512207031,0.02336883544921875,-0.0005509853363037109,-0.008263587951660156,-0.008814573287963867,0.014554262161254883,-0.004668235778808594,0.003673553466796875,-0.0009946823120117188
ref,shuffled,reduced,1NP_2NP,models/shuffled/shuffled_LSTM_400_80m_d_13-d0.2.pt,-0.03515625,0.002617359161376953,-0.03253889083862305,-0.0017592906951904297,-0.0035877227783203125,-0.005347013473510742,-0.03788590431213379,0.0048828125,0.0008020401000976562,0.005684852600097656
ref,shuffled,reduced,1NP_2NP,models/shuffled/shuffled_LSTM_400_80m_e_14-d0.2.pt,-0.0038595199584960938,-0.0033483505249023438,-0.0072078704833984375,-0.0010209083557128906,-0.002559661865234375,-0.0035805702209472656,-0.010788440704345703,0.0031261444091796875,0.0036902427673339844,0.006816387176513672
ref,ordered,reduced,1NP_2NP,models/ordered/ordered_LSTM_400_80m_a_10-d0.2.pt,-0.09218597412109375,0.31303882598876953,0.22085285186767578,0.437420129776001,0.09568119049072266,0.5331013202667236,0.7539541721343994,0.1383218765258789,0.03514385223388672,0.17346572875976562
ref,ordered,reduced,1NP_2NP,models/ordered/ordered_LSTM_400_80m_b_11-d0.2.pt,-0.04100322723388672,-0.17940807342529297,-0.2204113006591797,0.1816716194152832,0.7591333389282227,0.9408049583435059,0.7203936576843262,0.007582664489746094,-0.022498607635498047,-0.014915943145751953
ref,ordered,reduced,1NP_2NP,models/ordered/ordered_LSTM_400_80m_c_12-d0.2.pt,-0.2604227066040039,-0.060367584228515625,-0.32079029083251953,0.03473019599914551,0.45232105255126953,0.48705124855041504,0.1662609577178955,-0.0211181640625,0.09933757781982422,0.07821941375732422
ref,ordered,reduced,1NP_2NP,models/ordered/ordered_LSTM_400_80m_d_13-d0.2.pt,-0.01715373992919922,0.1405019760131836,0.12334823608398438,0.008435487747192383,-0.08125495910644531,-0.07281947135925293,0.050528764724731445,-0.24433231353759766,-0.08951044082641602,-0.33384275436401367
ref,ordered,reduced,1NP_2NP,models/ordered/ordered_LSTM_400_80m_e_14-d0.2.pt,-0.46923160552978516,0.01925182342529297,-0.4499797821044922,-0.029014110565185547,0.2967691421508789,0.26775503158569336,-0.18222475051879883,0.5927915573120117,-0.02101898193359375,0.571772575378418
ref,shuffled,unreduced,1NP_2NP,models/shuffled/shuffled_LSTM_400_80m_a_10-d0.2.pt,-0.005122661590576172,0.0032110214233398438,-0.0019116401672363281,0.00020062923431396484,0.0021352767944335938,0.0023359060287475586,0.00042426586151123047,-0.007723808288574219,-0.0010523796081542969,-0.008776187896728516
ref,shuffled,unreduced,1NP_2NP,models/shuffled/shuffled_LSTM_400_80m_b_11-d0.2.pt,-0.0036344528198242188,-0.007461071014404297,-0.011095523834228516,0.0006506443023681641,-0.0001888275146484375,0.00046181678771972656,-0.010633707046508789,0.004683494567871094,-0.0034308433532714844,0.0012526512145996094
ref,shuffled,unreduced,1NP_2NP,models/shuffled/shuffled_LSTM_400_80m_c_12-d0.2.pt,-0.004817008972167969,0.0029740333557128906,-0.0018429756164550781,-0.0008780956268310547,-0.0040302276611328125,-0.004908323287963867,-0.006751298904418945,-0.0012311935424804688,0.005650043487548828,0.004418849945068359
ref,shuffled,unreduced,1NP_2NP,models/shuffled/shuffled_LSTM_400_80m_d_13-d0.2.pt,-0.0032739639282226562,-0.0001220703125,-0.0033960342407226562,4.9233436584472656e-05,-0.0076503753662109375,-0.007601141929626465,-0.010997176170349121,0.02203083038330078,-0.000865936279296875,0.021164894104003906
ref,shuffled,unreduced,1NP_2NP,models/shuffled/shuffled_LSTM_400_80m_e_14-d0.2.pt,0.0011568069458007812,-0.002036571502685547,-0.0008797645568847656,0.0005910396575927734,-0.003909587860107422,-0.0033185482025146484,-0.004198312759399414,-0.0002613067626953125,0.004322528839111328,0.004061222076416016
ref,ordered,unreduced,1NP_2NP,models/ordered/ordered_LSTM_400_80m_a_10-d0.2.pt,0.1194610595703125,0.07364845275878906,0.19310951232910156,0.10327911376953125,0.28621530532836914,0.3894944190979004,0.582603931427002,0.0798349380493164,-0.07595491409301758,0.003880023956298828
ref,ordered,unreduced,1NP_2NP,models/ordered/ordered_LSTM_400_80m_b_11-d0.2.pt,0.6717510223388672,-0.08988714218139648,0.5818638801574707,0.10173356533050537,0.9452266693115234,1.0469602346420288,1.6288241147994995,-0.29351329803466797,-0.05809354782104492,-0.3516068458557129
ref,ordered,unreduced,1NP_2NP,models/ordered/ordered_LSTM_400_80m_c_12-d0.2.pt,0.21757125854492188,-0.005404472351074219,0.21216678619384766,0.02153646945953369,0.5304479598999023,0.551984429359436,0.7641512155532837,0.010174751281738281,0.04940366744995117,0.05957841873168945
ref,ordered,unreduced,1NP_2NP,models/ordered/ordered_LSTM_400_80m_d_13-d0.2.pt,0.11247062683105469,0.037018775939941406,0.1494894027709961,-0.05544745922088623,-0.024761199951171875,-0.0802086591720581,0.06928074359893799,-0.2702980041503906,-0.08114767074584961,-0.35144567489624023
ref,ordered,unreduced,1NP_2NP,models/ordered/ordered_LSTM_400_80m_e_14-d0.2.pt,-0.5516986846923828,-0.04503679275512695,-0.5967354774475098,-0.030702590942382812,0.4164094924926758,0.38570690155029297,-0.2110285758972168,0.40676212310791016,0.047571659088134766,0.4543337821960449
ref,shuffled,reduced,1NP_2NP,models/shuffled/shuffled_LSTM_400_80m_a_10-d0.2.pt,0.01111602783203125,-0.003787994384765625,0.007328033447265625,-0.0002193450927734375,-0.0005283355712890625,-0.0007476806640625,0.006580352783203125,-0.0041408538818359375,-0.0022411346435546875,-0.006381988525390625
ref,shuffled,reduced,1NP_2NP,models/shuffled/shuffled_LSTM_400_80m_b_11-d0.2.pt,-0.0010433197021484375,-0.003935337066650391,-0.004978656768798828,-0.0037412643432617188,0.0008330345153808594,-0.0029082298278808594,-0.007886886596679688,0.0009107589721679688,-5.650520324707031e-05,0.0008542537689208984
ref,shuffled,reduced,1NP_2NP,models/shuffled/shuffled_LSTM_400_80m_c_12-d0.2.pt,0.0025577545166015625,0.0037446022033691406,0.006302356719970703,0.0028319358825683594,-0.002199888229370117,0.0006320476531982422,0.006934404373168945,-0.0032958984375,-0.0013464689254760742,-0.004642367362976074
ref,shuffled,reduced,1NP_2NP,models/shuffled/shuffled_LSTM_400_80m_d_13-d0.2.pt,-0.010082244873046875,-0.00141143798828125,-0.011493682861328125,-0.009170293807983398,-0.0019693374633789062,-0.011139631271362305,-0.02263331413269043,0.0037355422973632812,-6.186962127685547e-05,0.0036736726760864258
ref,shuffled,reduced,1NP_2NP,models/shuffled/shuffled_LSTM_400_80m_e_14-d0.2.pt,0.006755828857421875,0.000820159912109375,0.00757598876953125,4.3392181396484375e-05,-0.0011050701141357422,-0.0010616779327392578,0.006514310836791992,-0.0011434555053710938,6.651878356933594e-05,-0.0010769367218017578
ref,ordered,reduced,1NP_2NP,models/ordered/ordered_LSTM_400_80m_a_10-d0.2.pt,-0.2814035415649414,0.39061450958251953,0.10921096801757812,0.19142627716064453,0.035866498947143555,0.22729277610778809,0.3365037441253662,0.1184234619140625,-0.02613365650177002,0.09228980541229248
ref,ordered,reduced,1NP_2NP,models/ordered/ordered_LSTM_400_80m_b_11-d0.2.pt,-0.03690052032470703,-0.16574668884277344,-0.20264720916748047,0.10498285293579102,0.2776329517364502,0.3826158046722412,0.17996859550476074,0.3980131149291992,-0.027413010597229004,0.3706001043319702
ref,ordered,reduced,1NP_2NP,models/ordered/ordered_LSTM_400_80m_c_12-d0.2.pt,0.038558006286621094,-0.03650951385498047,0.002048492431640625,0.1285419464111328,0.12093067169189453,0.24947261810302734,0.25152111053466797,0.4102935791015625,-0.04676926136016846,0.36352431774139404
ref,ordered,reduced,1NP_2NP,models/ordered/ordered_LSTM_400_80m_d_13-d0.2.pt,0.4449014663696289,-0.02273273468017578,0.4221687316894531,0.06916189193725586,0.08650088310241699,0.15566277503967285,0.577831506729126,0.3410043716430664,-0.05490875244140625,0.28609561920166016
ref,ordered,reduced,1NP_2NP,models/ordered/ordered_LSTM_400_80m_e_14-d0.2.pt,0.2864980697631836,-0.007308483123779297,0.2791895866394043,-0.21923208236694336,-0.3347024917602539,-0.5539345741271973,-0.27474498748779297,-0.09636878967285156,0.01955246925354004,-0.07681632041931152
ref,shuffled,unreduced,1NP_2NP,models/shuffled/shuffled_LSTM_400_80m_a_10-d0.2.pt,0.006951332092285156,-0.0009253025054931641,0.006026029586791992,-0.000568389892578125,9.989738464355469e-05,-0.0004684925079345703,0.005557537078857422,0.00347137451171875,-0.0015513896942138672,0.0019199848175048828
ref,shuffled,unreduced,1NP_2NP,models/shuffled/shuffled_LSTM_400_80m_b_11-d0.2.pt,-0.00194549560546875,-2.7179718017578125e-05,-0.001972675323486328,-0.0014405250549316406,0.0004909038543701172,-0.0009496212005615234,-0.0029222965240478516,-0.0030517578125,-0.0015038251876831055,-0.0045555830001831055
ref,shuffled,unreduced,1NP_2NP,models/shuffled/shuffled_LSTM_400_80m_c_12-d0.2.pt,0.00301361083984375,0.0013899803161621094,0.004403591156005859,-0.00026798248291015625,-0.003753662109375,-0.004021644592285156,0.0003819465637207031,-0.000308990478515625,-0.0020034313201904297,-0.0023124217987060547
ref,shuffled,unreduced,1NP_2NP,models/shuffled/shuffled_LSTM_400_80m_d_13-d0.2.pt,-0.0015735626220703125,-0.0014090538024902344,-0.002982616424560547,-0.005902290344238281,0.0003216266632080078,-0.0055806636810302734,-0.00856328010559082,0.00687408447265625,-0.0004197359085083008,0.006454348564147949
ref,shuffled,unreduced,1NP_2NP,models/shuffled/shuffled_LSTM_400_80m_e_14-d0.2.pt,0.0034284591674804688,-0.0013175010681152344,0.0021109580993652344,0.002017974853515625,0.0011715888977050781,0.003189563751220703,0.0053005218505859375,-0.0007886886596679688,-0.0006178617477416992,-0.001406550407409668
ref,ordered,unreduced,1NP_2NP,models/ordered/ordered_LSTM_400_80m_a_10-d0.2.pt,-0.47118282318115234,-0.14557695388793945,-0.6167597770690918,0.12489795684814453,0.014842987060546875,0.1397409439086914,-0.4770188331604004,0.10623931884765625,0.024495363235473633,0.13073468208312988
ref,ordered,unreduced,1NP_2NP,models/ordered/ordered_LSTM_400_80m_b_11-d0.2.pt,-0.058574676513671875,-0.024579286575317383,-0.08315396308898926,0.17697834968566895,0.23874139785766602,0.41571974754333496,0.3325657844543457,0.25860118865966797,0.01536703109741211,0.2739682197570801
ref,ordered,unreduced,1NP_2NP,models/ordered/ordered_LSTM_400_80m_c_12-d0.2.pt,-0.2577018737792969,-0.04195857048034668,-0.29966044425964355,0.10295295715332031,0.13077187538146973,0.23372483253479004,-0.06593561172485352,0.3548164367675781,-0.05397653579711914,0.300839900970459
ref,ordered,unreduced,1NP_2NP,models/ordered/ordered_LSTM_400_80m_d_13-d0.2.pt,0.14992046356201172,-0.19429898262023926,-0.04437851905822754,0.0807352066040039,0.045325517654418945,0.12606072425842285,0.08168220520019531,0.18619632720947266,-0.10360515117645264,0.08259117603302002
ref,ordered,unreduced,1NP_2NP,models/ordered/ordered_LSTM_400_80m_e_14-d0.2.pt,0.2301321029663086,-0.0506749153137207,0.1794571876525879,-0.0037093162536621094,-0.30043959617614746,-0.30414891242980957,-0.12469172477722168,-0.08507251739501953,-0.04038441181182861,-0.12545692920684814
ref,shuffled,reduced,1NP_2NP,models/shuffled/shuffled_LSTM_400_80m_a_10-d0.2.pt,0.013176918029785156,0.008688926696777344,0.0218658447265625,-0.001033782958984375,0.01479339599609375,0.013759613037109375,0.035625457763671875,-0.009860992431640625,-0.0017934441566467285,-0.011654436588287354
ref,shuffled,reduced,1NP_2NP,models/shuffled/shuffled_LSTM_400_80m_b_11-d0.2.pt,0.004765510559082031,-0.005364418029785156,-0.000598907470703125,5.698204040527344e-05,0.0007271766662597656,0.0007841587066650391,0.00018525123596191406,-0.0005064010620117188,0.0015927553176879883,0.0010863542556762695
ref,shuffled,reduced,1NP_2NP,models/shuffled/shuffled_LSTM_400_80m_c_12-d0.2.pt,0.022298812866210938,0.000911712646484375,0.023210525512695312,0.0035719871520996094,0.002289295196533203,0.0058612823486328125,0.029071807861328125,0.019290924072265625,-0.001475512981414795,0.01781541109085083
ref,shuffled,reduced,1NP_2NP,models/shuffled/shuffled_LSTM_400_80m_d_13-d0.2.pt,0.0070743560791015625,0.00012302398681640625,0.007197380065917969,-0.0006387233734130859,-0.0009918212890625,-0.001630544662475586,0.005566835403442383,-0.020809173583984375,0.0005873441696166992,-0.020221829414367676
ref,shuffled,reduced,1NP_2NP,models/shuffled/shuffled_LSTM_400_80m_e_14-d0.2.pt,0.0077972412109375,0.014240264892578125,0.022037506103515625,-0.003436446189880371,-0.002716541290283203,-0.006152987480163574,0.01588451862335205,0.016183853149414062,-0.0007928609848022461,0.015390992164611816
ref,ordered,reduced,1NP_2NP,models/ordered/ordered_LSTM_400_80m_a_10-d0.2.pt,0.6040630340576172,0.38689136505126953,0.9909543991088867,0.10297906398773193,0.17728376388549805,0.28026282787323,1.2712172269821167,-0.3067007064819336,0.020568370819091797,-0.2861323356628418
ref,ordered,reduced,1NP_2NP,models/ordered/ordered_LSTM_400_80m_b_11-d0.2.pt,0.6874599456787109,0.2007436752319336,0.8882036209106445,0.17394816875457764,-0.05079936981201172,0.12314879894256592,1.0113524198532104,-0.09058761596679688,0.001524209976196289,-0.08906340599060059
ref,ordered,reduced,1NP_2NP,models/ordered/ordered_LSTM_400_80m_c_12-d0.2.pt,0.5540876388549805,-0.005576133728027344,0.5485115051269531,0.10659253597259521,-0.3844294548034668,-0.2778369188308716,0.27067458629608154,-0.21207523345947266,0.05944418907165527,-0.15263104438781738
ref,ordered,reduced,1NP_2NP,models/ordered/ordered_LSTM_400_80m_d_13-d0.2.pt,-0.17142486572265625,0.14183902740478516,-0.029585838317871094,0.04967641830444336,-0.32994508743286133,-0.28026866912841797,-0.30985450744628906,0.06563377380371094,0.01930415630340576,0.0849379301071167
ref,ordered,reduced,1NP_2NP,models/ordered/ordered_LSTM_400_80m_e_14-d0.2.pt,0.7793483734130859,-0.2076864242553711,0.5716619491577148,0.17719221115112305,0.23585271835327148,0.41304492950439453,0.9847068786621094,0.10927677154541016,0.08948922157287598,0.19876599311828613
ref,shuffled,unreduced,1NP_2NP,models/shuffled/shuffled_LSTM_400_80m_a_10-d0.2.pt,-0.006763458251953125,-0.0022656917572021484,-0.009029150009155273,0.0018524527549743652,0.005251884460449219,0.007104337215423584,-0.0019248127937316895,-0.006752967834472656,0.0003713369369506836,-0.006381630897521973
ref,shuffled,unreduced,1NP_2NP,models/shuffled/shuffled_LSTM_400_80m_b_11-d0.2.pt,0.001613616943359375,0.005577564239501953,0.007191181182861328,0.0006619691848754883,-0.002151966094970703,-0.0014899969100952148,0.005701184272766113,-0.007664680480957031,0.00256192684173584,-0.005102753639221191
ref,shuffled,unreduced,1NP_2NP,models/shuffled/shuffled_LSTM_400_80m_c_12-d0.2.pt,-0.011723518371582031,0.0018739700317382812,-0.00984954833984375,-0.0006133317947387695,0.008358001708984375,0.0077446699142456055,-0.0021048784255981445,0.03908348083496094,-0.0008380413055419922,0.038245439529418945
ref,shuffled,unreduced,1NP_2NP,models/shuffled/shuffled_LSTM_400_80m_d_13-d0.2.pt,0.005767345428466797,0.0011684894561767578,0.006935834884643555,0.0011807680130004883,0.0014829635620117188,0.002663731575012207,0.009599566459655762,-0.005290031433105469,-0.00030601024627685547,-0.005596041679382324
ref,shuffled,unreduced,1NP_2NP,models/shuffled/shuffled_LSTM_400_80m_e_14-d0.2.pt,-0.0006475448608398438,0.0014088153839111328,0.0007612705230712891,-0.0012123584747314453,0.0014634132385253906,0.0002510547637939453,0.0010123252868652344,0.0024862289428710938,-0.00449824333190918,-0.002012014389038086
ref,ordered,unreduced,1NP_2NP,models/ordered/ordered_LSTM_400_80m_a_10-d0.2.pt,0.4951462745666504,-0.04374217987060547,0.4514040946960449,0.13780474662780762,0.13384199142456055,0.27164673805236816,0.7230508327484131,-0.25615501403808594,0.06914520263671875,-0.1870098114013672
ref,ordered,unreduced,1NP_2NP,models/ordered/ordered_LSTM_400_80m_b_11-d0.2.pt,0.5550265312194824,0.03226923942565918,0.5872957706451416,0.13333678245544434,-0.009898662567138672,0.12343811988830566,0.7107338905334473,-0.004183769226074219,0.02380073070526123,0.01961696147918701
ref,ordered,unreduced,1NP_2NP,models/ordered/ordered_LSTM_400_80m_c_12-d0.2.pt,0.5341348648071289,0.06371092796325684,0.5978457927703857,0.07904946804046631,-0.39290714263916016,-0.31385767459869385,0.2839881181716919,-0.3216066360473633,0.03257930278778076,-0.2890273332595825
ref,ordered,unreduced,1NP_2NP,models/ordered/ordered_LSTM_400_80m_d_13-d0.2.pt,0.08226585388183594,0.1080012321472168,0.19026708602905273,0.04633784294128418,-0.3812446594238281,-0.33490681648254395,-0.1446397304534912,-0.13016891479492188,0.0025212764739990234,-0.12764763832092285
ref,ordered,unreduced,1NP_2NP,models/ordered/ordered_LSTM_400_80m_e_14-d0.2.pt,0.654261589050293,-0.1914081573486328,0.46285343170166016,0.0534287691116333,0.23317432403564453,0.28660309314727783,0.749456524848938,-0.14922618865966797,0.11541271209716797,-0.0338134765625
ref,shuffled,reduced,1NP_2NP,models/shuffled/shuffled_LSTM_400_80m_a_10-d0.2.pt,-0.005053520202636719,-0.009926795959472656,-0.014980316162109375,0.0011603832244873047,0.0007886886596679688,0.0019490718841552734,-0.013031244277954102,-0.019685745239257812,-0.001028299331665039,-0.02071404457092285
ref,shuffled,reduced,1NP_2NP,models/shuffled/shuffled_LSTM_400_80m_b_11-d0.2.pt,0.001079559326171875,-0.00496673583984375,-0.003887176513671875,-0.00018548965454101562,0.009001731872558594,0.008816242218017578,0.004929065704345703,-0.0027446746826171875,-0.002137422561645508,-0.004882097244262695
ref,shuffled,reduced,1NP_2NP,models/shuffled/shuffled_LSTM_400_80m_c_12-d0.2.pt,0.0036096572875976562,0.0024633407592773438,0.006072998046875,0.0007038116455078125,0.0042057037353515625,0.004909515380859375,0.010982513427734375,0.01061248779296875,0.002423524856567383,0.013036012649536133
ref,shuffled,reduced,1NP_2NP,models/shuffled/shuffled_LSTM_400_80m_d_13-d0.2.pt,0.004256248474121094,0.011074066162109375,0.015330314636230469,-0.0003323554992675781,-0.0038661956787109375,-0.004198551177978516,0.011131763458251953,-0.008121490478515625,-0.002857208251953125,-0.01097869873046875
ref,shuffled,reduced,1NP_2NP,models/shuffled/shuffled_LSTM_400_80m_e_14-d0.2.pt,0.0005741119384765625,-0.00026416778564453125,0.00030994415283203125,0.0008459091186523438,0.0008563995361328125,0.0017023086547851562,0.0020122528076171875,-0.00382232666015625,-0.0011157989501953125,-0.0049381256103515625
ref,ordered,reduced,1NP_2NP,models/ordered/ordered_LSTM_400_80m_a_10-d0.2.pt,0.2795877456665039,0.09375762939453125,0.37334537506103516,0.11195504665374756,-0.12961483001708984,-0.017659783363342285,0.35568559169769287,0.15498924255371094,-0.04740285873413086,0.10758638381958008
ref,ordered,reduced,1NP_2NP,models/ordered/ordered_LSTM_400_80m_b_11-d0.2.pt,-0.1001119613647461,-0.037531375885009766,-0.13764333724975586,0.08224213123321533,-0.20345687866210938,-0.12121474742889404,-0.2588580846786499,0.00043487548828125,-0.11018753051757812,-0.10975265502929688
ref,ordered,reduced,1NP_2NP,models/ordered/ordered_LSTM_400_80m_c_12-d0.2.pt,0.1752948760986328,-0.18243885040283203,-0.007143974304199219,0.23930299282073975,0.5384187698364258,0.7777217626571655,0.7705777883529663,-0.1275615692138672,-0.041947126388549805,-0.169508695602417
ref,ordered,reduced,1NP_2NP,models/ordered/ordered_LSTM_400_80m_d_13-d0.2.pt,0.26944637298583984,0.0720820426940918,0.34152841567993164,0.09596753120422363,-0.48418712615966797,-0.38821959495544434,-0.046691179275512695,-0.1919727325439453,0.03930974006652832,-0.152662992477417
ref,ordered,reduced,1NP_2NP,models/ordered/ordered_LSTM_400_80m_e_14-d0.2.pt,0.48607349395751953,0.1572399139404297,0.6433134078979492,0.28305912017822266,-0.20513629913330078,0.07792282104492188,0.7212362289428711,-1.0752410888671875,-0.35528135299682617,-1.4305224418640137
ref,shuffled,unreduced,1NP_2NP,models/shuffled/shuffled_LSTM_400_80m_a_10-d0.2.pt,0.0013294219970703125,0.00038373470306396484,0.0017131567001342773,0.0026140213012695312,0.0016393661499023438,0.004253387451171875,0.005966544151306152,0.002685546875,-0.0036585330963134766,-0.0009729862213134766
ref,shuffled,unreduced,1NP_2NP,models/shuffled/shuffled_LSTM_400_80m_b_11-d0.2.pt,-0.006442070007324219,-0.0022836923599243164,-0.008725762367248535,0.002609729766845703,0.0056476593017578125,0.008257389068603516,-0.00046837329864501953,-0.0068454742431640625,-0.0006809234619140625,-0.007526397705078125
ref,shuffled,unreduced,1NP_2NP,models/shuffled/shuffled_LSTM_400_80m_c_12-d0.2.pt,-0.0018873214721679688,0.002025127410888672,0.00013780593872070312,0.0001690387725830078,0.00730133056640625,0.007470369338989258,0.007608175277709961,0.009042739868164062,0.0013880729675292969,0.01043081283569336
ref,shuffled,unreduced,1NP_2NP,models/shuffled/shuffled_LSTM_400_80m_d_13-d0.2.pt,0.0041961669921875,-0.00022399425506591797,0.003972172737121582,0.0005805492401123047,-0.003101348876953125,-0.0025207996368408203,0.0014513731002807617,-0.008813858032226562,-0.004701137542724609,-0.013514995574951172
ref,shuffled,unreduced,1NP_2NP,models/shuffled/shuffled_LSTM_400_80m_e_14-d0.2.pt,0.000988006591796875,-0.0017795562744140625,-0.0007915496826171875,0.0039522647857666016,0.0007190704345703125,0.004671335220336914,0.0038797855377197266,-0.00183868408203125,-0.0010480880737304688,-0.0028867721557617188
ref,ordered,unreduced,1NP_2NP,models/ordered/ordered_LSTM_400_80m_a_10-d0.2.pt,0.24901962280273438,0.04412972927093506,0.29314935207366943,0.1303267478942871,-0.21472930908203125,-0.08440256118774414,0.2087467908859253,-0.11827850341796875,-0.09813165664672852,-0.21641016006469727
ref,ordered,unreduced,1NP_2NP,models/ordered/ordered_LSTM_400_80m_b_11-d0.2.pt,-0.1500539779663086,0.04088270664215088,-0.10917127132415771,0.09650540351867676,-0.2634592056274414,-0.16695380210876465,-0.27612507343292236,0.07410430908203125,-0.0655524730682373,0.008551836013793945
ref,ordered,unreduced,1NP_2NP,models/ordered/ordered_LSTM_400_80m_c_12-d0.2.pt,-0.008858680725097656,-0.1618579626083374,-0.17071664333343506,0.20191335678100586,0.3755216598510742,0.5774350166320801,0.406718373298645,0.055263519287109375,0.006475687026977539,0.061739206314086914
ref,ordered,unreduced,1NP_2NP,models/ordered/ordered_LSTM_400_80m_d_13-d0.2.pt,0.1225595474243164,0.08097243309020996,0.20353198051452637,0.08699774742126465,-0.6384687423706055,-0.5514709949493408,-0.34793901443481445,0.1384143829345703,0.025659799575805664,0.16407418251037598
ref,ordered,unreduced,1NP_2NP,models/ordered/ordered_LSTM_400_80m_e_14-d0.2.pt,0.1711273193359375,-0.10118341445922852,0.06994390487670898,0.274583101272583,-0.11812686920166016,0.15645623207092285,0.22640013694763184,-0.0021572113037109375,-0.22611165046691895,-0.22826886177062988
ref,shuffled,reduced,1NP_2NP,models/shuffled/shuffled_LSTM_400_80m_a_10-d0.2.pt,-0.011422157287597656,-0.007006645202636719,-0.018428802490234375,-0.0008453130722045898,-0.00922393798828125,-0.01006925106048584,-0.028498053550720215,-0.007704257965087891,0.0012562274932861328,-0.006448030471801758
ref,shuffled,reduced,1NP_2NP,models/shuffled/shuffled_LSTM_400_80m_b_11-d0.2.pt,-0.012600898742675781,-0.0027379989624023438,-0.015338897705078125,-0.0008471012115478516,0.002323150634765625,0.0014760494232177734,-0.013862848281860352,0.00015926361083984375,-0.0007511377334594727,-0.0005918741226196289
ref,shuffled,reduced,1NP_2NP,models/shuffled/shuffled_LSTM_400_80m_c_12-d0.2.pt,-0.010115623474121094,0.0017232894897460938,-0.008392333984375,0.0005002021789550781,-0.0010862350463867188,-0.0005860328674316406,-0.00897836685180664,-0.0051326751708984375,0.0023955106735229492,-0.0027371644973754883
ref,shuffled,reduced,1NP_2NP,models/shuffled/shuffled_LSTM_400_80m_d_13-d0.2.pt,0.0041408538818359375,-0.009697914123535156,-0.005557060241699219,-0.00013434886932373047,-0.00036907196044921875,-0.0005034208297729492,-0.006060481071472168,0.0082244873046875,0.0007867813110351562,0.009011268615722656
ref,shuffled,reduced,1NP_2NP,models/shuffled/shuffled_LSTM_400_80m_e_14-d0.2.pt,-0.0009202957153320312,-0.0020284652709960938,-0.002948760986328125,-0.0007017850875854492,-0.000762939453125,-0.0014647245407104492,-0.004413485527038574,0.0026292800903320312,-0.0010449886322021484,0.0015842914581298828
ref,ordered,reduced,1NP_2NP,models/ordered/ordered_LSTM_400_80m_a_10-d0.2.pt,-0.7310752868652344,0.03526878356933594,-0.6958065032958984,0.14522171020507812,-0.2542877197265625,-0.10906600952148438,-0.8048725128173828,-0.01717853546142578,0.07956695556640625,0.06238842010498047
ref,ordered,reduced,1NP_2NP,models/ordered/ordered_LSTM_400_80m_b_11-d0.2.pt,0.43645763397216797,-0.38532066345214844,0.05113697052001953,-0.2307133674621582,0.4007444381713867,0.17003107070922852,0.22116804122924805,0.28439903259277344,0.15031731128692627,0.4347163438796997
ref,ordered,reduced,1NP_2NP,models/ordered/ordered_LSTM_400_80m_c_12-d0.2.pt,-0.1786813735961914,-0.0991983413696289,-0.2778797149658203,0.06590235233306885,0.1373910903930664,0.20329344272613525,-0.07458627223968506,0.27239036560058594,0.11243259906768799,0.3848229646682739
ref,ordered,reduced,1NP_2NP,models/ordered/ordered_LSTM_400_80m_d_13-d0.2.pt,-0.2399139404296875,-0.15282440185546875,-0.39273834228515625,-0.013093352317810059,0.027309417724609375,0.014216065406799316,-0.37852227687835693,-0.18171119689941406,0.00199127197265625,-0.1797199249267578
ref,ordered,reduced,1NP_2NP,models/ordered/ordered_LSTM_400_80m_e_14-d0.2.pt,0.07120609283447266,-0.2773466110229492,-0.20614051818847656,0.015836477279663086,0.5874776840209961,0.6033141613006592,0.3971736431121826,0.2637939453125,0.0028117895126342773,0.2666057348251343
ref,shuffled,unreduced,1NP_2NP,models/shuffled/shuffled_LSTM_400_80m_a_10-d0.2.pt,-0.005562782287597656,-0.0016363859176635742,-0.0071991682052612305,-0.0004711151123046875,-0.006389617919921875,-0.0068607330322265625,-0.014059901237487793,0.0029878616333007812,0.0002968311309814453,0.0032846927642822266
ref,shuffled,unreduced,1NP_2NP,models/shuffled/shuffled_LSTM_400_80m_b_11-d0.2.pt,-0.005096435546875,0.002570629119873047,-0.002525806427001953,-0.0003676414489746094,0.0023250579833984375,0.001957416534423828,-0.000568389892578125,-0.0022106170654296875,-2.205371856689453e-05,-0.002232670783996582
ref,shuffled,unreduced,1NP_2NP,models/shuffled/shuffled_LSTM_400_80m_c_12-d0.2.pt,-0.0035495758056640625,0.002547025680541992,-0.0010025501251220703,-0.00014960765838623047,-0.008129119873046875,-0.008278727531433105,-0.009281277656555176,-0.0031270980834960938,0.0011371374130249023,-0.0019899606704711914
ref,shuffled,unreduced,1NP_2NP,models/shuffled/shuffled_LSTM_400_80m_d_13-d0.2.pt,0.010251045227050781,-0.0018773078918457031,0.008373737335205078,-0.0010164976119995117,0.0021371841430664062,0.0011206865310668945,0.009494423866271973,0.0010633468627929688,-0.0003654956817626953,0.0006978511810302734
ref,shuffled,unreduced,1NP_2NP,models/shuffled/shuffled_LSTM_400_80m_e_14-d0.2.pt,0.00121307373046875,-0.0025358200073242188,-0.0013227462768554688,0.0003669261932373047,0.003032684326171875,0.0033996105194091797,0.002076864242553711,-0.0021905899047851562,-0.0013937950134277344,-0.0035843849182128906
ref,ordered,unreduced,1NP_2NP,models/ordered/ordered_LSTM_400_80m_a_10-d0.2.pt,-0.8734836578369141,-0.05287885665893555,-0.9263625144958496,0.1441739797592163,-0.24203777313232422,-0.09786379337310791,-1.0242263078689575,-0.02056121826171875,0.10496366024017334,0.08440244197845459
ref,ordered,unreduced,1NP_2NP,models/ordered/ordered_LSTM_400_80m_b_11-d0.2.pt,0.08766460418701172,-0.1312723159790039,-0.04360771179199219,0.1264406442642212,0.6861610412597656,0.8126016855239868,0.7689939737319946,0.22960758209228516,0.3221611976623535,0.5517687797546387
ref,ordered,unreduced,1NP_2NP,models/ordered/ordered_LSTM_400_80m_c_12-d0.2.pt,-0.10795164108276367,-0.0716712474822998,-0.17962288856506348,0.04613089561462402,0.08388710021972656,0.13001799583435059,-0.04960489273071289,0.3734140396118164,0.12035548686981201,0.4937695264816284
ref,ordered,unreduced,1NP_2NP,models/ordered/ordered_LSTM_400_80m_d_13-d0.2.pt,-0.26026344299316406,-0.03127181529998779,-0.29153525829315186,-0.04337048530578613,-0.05335044860839844,-0.09672093391418457,-0.3882561922073364,-0.1844487190246582,-0.027403593063354492,-0.2118523120880127
ref,ordered,unreduced,1NP_2NP,models/ordered/ordered_LSTM_400_80m_e_14-d0.2.pt,-0.12298774719238281,-0.2505009174346924,-0.3734886646270752,0.033120036125183105,0.7520484924316406,0.7851685285568237,0.41167986392974854,0.35584545135498047,0.05106329917907715,0.4069087505340576
ref,shuffled,reduced,1NP_2NP,models/shuffled/shuffled_LSTM_400_80m_a_10-d0.2.pt,-0.006112098693847656,-0.012893199920654297,-0.019005298614501953,-0.001129746437072754,-0.004172325134277344,-0.005302071571350098,-0.02430737018585205,0.001369476318359375,-0.0011153221130371094,0.0002541542053222656
ref,shuffled,reduced,1NP_2NP,models/shuffled/shuffled_LSTM_400_80m_b_11-d0.2.pt,-0.012307167053222656,-0.0025653839111328125,-0.014872550964355469,-0.002410292625427246,-0.005809783935546875,-0.008220076560974121,-0.02309262752532959,-0.012331962585449219,0.0013432502746582031,-0.010988712310791016
ref,shuffled,reduced,1NP_2NP,models/shuffled/shuffled_LSTM_400_80m_c_12-d0.2.pt,0.0011196136474609375,-0.0010881423950195312,3.147125244140625e-05,-0.0019197463989257812,0.009637832641601562,0.007718086242675781,0.0077495574951171875,0.0027570724487304688,-0.0012736320495605469,0.0014834403991699219
ref,shuffled,reduced,1NP_2NP,models/shuffled/shuffled_LSTM_400_80m_d_13-d0.2.pt,-0.001331329345703125,0.00974416732788086,0.008412837982177734,-0.001671910285949707,-0.007650852203369141,-0.009322762489318848,-0.0009099245071411133,0.012773513793945312,-0.0005254745483398438,0.012248039245605469
ref,shuffled,reduced,1NP_2NP,models/shuffled/shuffled_LSTM_400_80m_e_14-d0.2.pt,0.006897926330566406,0.00043582916259765625,0.0073337554931640625,0.0024154186248779297,0.002410888671875,0.00482630729675293,0.012160062789916992,0.0020885467529296875,-0.004779815673828125,-0.0026912689208984375
ref,ordered,reduced,1NP_2NP,models/ordered/ordered_LSTM_400_80m_a_10-d0.2.pt,0.3768453598022461,0.15758323669433594,0.534428596496582,0.02369391918182373,0.6183676719665527,0.6420615911483765,1.1764901876449585,0.4075279235839844,0.029214859008789062,0.43674278259277344
ref,ordered,reduced,1NP_2NP,models/ordered/ordered_LSTM_400_80m_b_11-d0.2.pt,0.5866565704345703,0.1559581756591797,0.74261474609375,0.0776360034942627,-0.43222522735595703,-0.35458922386169434,0.38802552223205566,0.3992805480957031,0.13710832595825195,0.5363888740539551
ref,ordered,reduced,1NP_2NP,models/ordered/ordered_LSTM_400_80m_c_12-d0.2.pt,-0.08339405059814453,-0.07138347625732422,-0.15477752685546875,0.05834829807281494,0.5261225700378418,0.5844708681106567,0.429693341255188,-0.2870616912841797,-0.0731668472290039,-0.3602285385131836
ref,ordered,reduced,1NP_2NP,models/ordered/ordered_LSTM_400_80m_d_13-d0.2.pt,0.3349628448486328,0.2820096015930176,0.6169724464416504,0.029175877571105957,-0.25658416748046875,-0.2274082899093628,0.3895641565322876,-0.3866291046142578,0.0468597412109375,-0.3397693634033203
ref,ordered,reduced,1NP_2NP,models/ordered/ordered_LSTM_400_80m_e_14-d0.2.pt,0.053241729736328125,-0.08716869354248047,-0.033926963806152344,0.043807029724121094,0.34446144104003906,0.38826847076416016,0.3543415069580078,-0.04769325256347656,0.07655572891235352,0.028862476348876953
ref,shuffled,unreduced,1NP_2NP,models/shuffled/shuffled_LSTM_400_80m_a_10-d0.2.pt,0.0022993087768554688,0.0006964206695556641,0.002995729446411133,0.0005098581314086914,-0.0013022422790527344,-0.000792384147644043,0.00220334529876709,0.007782936096191406,0.003532886505126953,0.01131582260131836
ref,shuffled,unreduced,1NP_2NP,models/shuffled/shuffled_LSTM_400_80m_b_11-d0.2.pt,0.0038919448852539062,-5.078315734863281e-05,0.0038411617279052734,-0.0037796497344970703,-0.0004706382751464844,-0.004250288009643555,-0.00040912628173828125,-0.014727592468261719,-0.0030794143676757812,-0.0178070068359375
ref,shuffled,unreduced,1NP_2NP,models/shuffled/shuffled_LSTM_400_80m_c_12-d0.2.pt,-0.004078865051269531,-0.0007147789001464844,-0.004793643951416016,-1.0967254638671875e-05,0.004109382629394531,0.004098415374755859,-0.0006952285766601562,-0.004662513732910156,-0.005248069763183594,-0.00991058349609375
ref,shuffled,unreduced,1NP_2NP,models/shuffled/shuffled_LSTM_400_80m_d_13-d0.2.pt,0.009336471557617188,0.0021309852600097656,0.011467456817626953,-0.0022472143173217773,-0.012936592102050781,-0.015183806419372559,-0.0037163496017456055,0.007800102233886719,-0.00041103363037109375,0.007389068603515625
ref,shuffled,unreduced,1NP_2NP,models/shuffled/shuffled_LSTM_400_80m_e_14-d0.2.pt,0.0016937255859375,-0.005789995193481445,-0.004096269607543945,0.0014917850494384766,-0.0008983612060546875,0.0005934238433837891,-0.0035028457641601562,-0.0004405975341796875,-6.914138793945312e-05,-0.0005097389221191406
ref,ordered,unreduced,1NP_2NP,models/ordered/ordered_LSTM_400_80m_a_10-d0.2.pt,0.043445587158203125,-0.07417488098144531,-0.030729293823242188,0.05789470672607422,0.27027368545532227,0.3281683921813965,0.2974390983581543,0.4019441604614258,0.1492300033569336,0.5511741638183594
ref,ordered,unreduced,1NP_2NP,models/ordered/ordered_LSTM_400_80m_b_11-d0.2.pt,0.5905294418334961,0.06225132942199707,0.6527807712554932,0.07109522819519043,-0.3145451545715332,-0.24344992637634277,0.4093308448791504,0.15174293518066406,0.1231684684753418,0.27491140365600586
ref,ordered,unreduced,1NP_2NP,models/ordered/ordered_LSTM_400_80m_c_12-d0.2.pt,0.23346710205078125,0.1665177345275879,0.39998483657836914,0.03528255224227905,0.45719146728515625,0.4924740195274353,0.8924588561058044,-0.1600971221923828,-0.12452316284179688,-0.2846202850341797
ref,ordered,unreduced,1NP_2NP,models/ordered/ordered_LSTM_400_80m_d_13-d0.2.pt,0.307281494140625,0.20177769660949707,0.5090591907501221,0.03166496753692627,-0.5352001190185547,-0.5035351514816284,0.005524039268493652,-0.053984642028808594,0.017879486083984375,-0.03610515594482422
ref,ordered,unreduced,1NP_2NP,models/ordered/ordered_LSTM_400_80m_e_14-d0.2.pt,-0.0073070526123046875,-0.18645524978637695,-0.19376230239868164,0.04235100746154785,0.4332718849182129,0.47562289237976074,0.2818605899810791,0.25889110565185547,0.0895986557006836,0.34848976135253906
ref,shuffled,reduced,1NP_2NP,models/shuffled/shuffled_LSTM_400_80m_a_10-d0.2.pt,0.01042938232421875,-0.0002117156982421875,0.010217666625976562,-0.0008232593536376953,-0.0031194686889648438,-0.003942728042602539,0.0062749385833740234,-0.005161285400390625,-0.0005609989166259766,-0.0057222843170166016
ref,shuffled,reduced,1NP_2NP,models/shuffled/shuffled_LSTM_400_80m_b_11-d0.2.pt,0.009503364562988281,-0.0019817352294921875,0.007521629333496094,0.00011920928955078125,-0.0048580169677734375,-0.004738807678222656,0.0027828216552734375,-0.0029888153076171875,-0.002454519271850586,-0.0054433345794677734
ref,shuffled,reduced,1NP_2NP,models/shuffled/shuffled_LSTM_400_80m_c_12-d0.2.pt,-0.0036363601684570312,0.005985260009765625,0.0023488998413085938,0.002844572067260742,0.0025148391723632812,0.0053594112396240234,0.007708311080932617,0.0009851455688476562,-0.002207517623901367,-0.001222372055053711
ref,shuffled,reduced,1NP_2NP,models/shuffled/shuffled_LSTM_400_80m_d_13-d0.2.pt,0.01584148406982422,3.337860107421875e-06,0.01584482192993164,0.0009300708770751953,0.0020580291748046875,0.002988100051879883,0.018832921981811523,0.0032672882080078125,-0.0010986328125,0.0021686553955078125
ref,shuffled,reduced,1NP_2NP,models/shuffled/shuffled_LSTM_400_80m_e_14-d0.2.pt,-0.0027923583984375,0.00237274169921875,-0.00041961669921875,-0.0003409385681152344,0.0018339157104492188,0.0014929771423339844,0.0010733604431152344,0.004075050354003906,0.0003535747528076172,0.0044286251068115234
ref,ordered,reduced,1NP_2NP,models/ordered/ordered_LSTM_400_80m_a_10-d0.2.pt,0.4077339172363281,0.17890644073486328,0.5866403579711914,0.07712137699127197,-0.1353931427001953,-0.05827176570892334,0.5283685922622681,-0.07303047180175781,0.0260922908782959,-0.046938180923461914
ref,ordered,reduced,1NP_2NP,models/ordered/ordered_LSTM_400_80m_b_11-d0.2.pt,-0.4573516845703125,-0.18086957931518555,-0.638221263885498,-0.02441585063934326,0.47449207305908203,0.45007622241973877,-0.18814504146575928,-0.22313976287841797,-0.02010178565979004,-0.243241548538208
ref,ordered,reduced,1NP_2NP,models/ordered/ordered_LSTM_400_80m_c_12-d0.2.pt,0.07290840148925781,-0.15149497985839844,-0.07858657836914062,0.03334009647369385,0.011648178100585938,0.044988274574279785,-0.03359830379486084,0.08120155334472656,-0.02779674530029297,0.053404808044433594
ref,ordered,reduced,1NP_2NP,models/ordered/ordered_LSTM_400_80m_d_13-d0.2.pt,-0.19834041595458984,-0.15065956115722656,-0.3489999771118164,0.09113204479217529,0.27089595794677734,0.36202800273895264,0.01302802562713623,-0.01936054229736328,-0.021878838539123535,-0.041239380836486816
ref,ordered,reduced,1NP_2NP,models/ordered/ordered_LSTM_400_80m_e_14-d0.2.pt,0.4701662063598633,0.11747884750366211,0.5876450538635254,0.06509017944335938,1.0168895721435547,1.081979751586914,1.6696248054504395,0.46984004974365234,-0.0094679594039917,0.46037209033966064
ref,shuffled,unreduced,1NP_2NP,models/shuffled/shuffled_LSTM_400_80m_a_10-d0.2.pt,0.0006723403930664062,-0.002387404441833496,-0.0017150640487670898,-0.0006498098373413086,-0.0073699951171875,-0.008019804954528809,-0.009734869003295898,-0.0024499893188476562,0.0012276172637939453,-0.001222372055053711
ref,shuffled,unreduced,1NP_2NP,models/shuffled/shuffled_LSTM_400_80m_b_11-d0.2.pt,0.013651847839355469,-0.0020189285278320312,0.011632919311523438,0.0008184909820556641,-0.0033626556396484375,-0.0025441646575927734,0.009088754653930664,-0.0029134750366210938,-0.0020803213119506836,-0.004993796348571777
ref,shuffled,unreduced,1NP_2NP,models/shuffled/shuffled_LSTM_400_80m_c_12-d0.2.pt,-0.008376121520996094,0.0013823509216308594,-0.006993770599365234,-0.00015044212341308594,0.0054798126220703125,0.0053293704986572266,-0.0016644001007080078,0.005084991455078125,-0.0013387203216552734,0.0037462711334228516
ref,shuffled,unreduced,1NP_2NP,models/shuffled/shuffled_LSTM_400_80m_d_13-d0.2.pt,0.010949134826660156,-0.0017020702362060547,0.009247064590454102,0.001120448112487793,0.0008039474487304688,0.0019243955612182617,0.011171460151672363,0.0044345855712890625,-0.001466989517211914,0.0029675960540771484
ref,shuffled,unreduced,1NP_2NP,models/shuffled/shuffled_LSTM_400_80m_e_14-d0.2.pt,-1.239776611328125e-05,-0.0024662017822265625,-0.0024785995483398438,-0.00027167797088623047,0.0021114349365234375,0.001839756965637207,-0.0006388425827026367,0.0029315948486328125,0.0002932548522949219,0.0032248497009277344
ref,ordered,unreduced,1NP_2NP,models/ordered/ordered_LSTM_400_80m_a_10-d0.2.pt,0.3509798049926758,-0.02275681495666504,0.32822299003601074,0.08771002292633057,-0.010794639587402344,0.07691538333892822,0.40513837337493896,0.15529251098632812,-0.02803349494934082,0.1272590160369873
ref,ordered,unreduced,1NP_2NP,models/ordered/ordered_LSTM_400_80m_b_11-d0.2.pt,-0.19962310791015625,-0.05571889877319336,-0.2553420066833496,-0.006121397018432617,0.4274930953979492,0.4213716983795166,0.166029691696167,-0.14754581451416016,-0.033785343170166016,-0.18133115768432617
ref,ordered,unreduced,1NP_2NP,models/ordered/ordered_LSTM_400_80m_c_12-d0.2.pt,0.12829208374023438,-0.03882002830505371,0.08947205543518066,0.04450535774230957,-0.013011932373046875,0.031493425369262695,0.12096548080444336,0.1357889175415039,-0.03380227088928223,0.10198664665222168
ref,ordered,unreduced,1NP_2NP,models/ordered/ordered_LSTM_400_80m_d_13-d0.2.pt,-0.06946372985839844,-0.15504133701324463,-0.22450506687164307,0.14988422393798828,0.18554401397705078,0.33542823791503906,0.110923171043396,0.10101032257080078,-0.0008034706115722656,0.10020685195922852
ref,ordered,unreduced,1NP_2NP,models/ordered/ordered_LSTM_400_80m_e_14-d0.2.pt,0.4463472366333008,-0.030280351638793945,0.41606688499450684,0.07372510433197021,0.9355001449584961,1.0092252492904663,1.4252921342849731,0.4184093475341797,-0.03035879135131836,0.38805055618286133
ref,shuffled,reduced,1NP_2NP,models/shuffled/shuffled_LSTM_400_80m_a_10-d0.2.pt,-0.0063877105712890625,-0.0021843910217285156,-0.008572101593017578,0.0025336742401123047,-0.0014667510986328125,0.0010669231414794922,-0.007505178451538086,-0.013214111328125,0.0009397268295288086,-0.012274384498596191
ref,shuffled,reduced,1NP_2NP,models/shuffled/shuffled_LSTM_400_80m_b_11-d0.2.pt,-0.012242317199707031,-0.007109642028808594,-0.019351959228515625,-0.002834320068359375,0.006159782409667969,0.0033254623413085938,-0.01602649688720703,-0.01120758056640625,-0.0019686222076416016,-0.013176202774047852
ref,shuffled,reduced,1NP_2NP,models/shuffled/shuffled_LSTM_400_80m_c_12-d0.2.pt,0.0057773590087890625,0.013410091400146484,0.019187450408935547,0.0016019344329833984,0.006751060485839844,0.008352994918823242,0.02754044532775879,0.007815361022949219,-0.002200484275817871,0.005614876747131348
ref,shuffled,reduced,1NP_2NP,models/shuffled/shuffled_LSTM_400_80m_d_13-d0.2.pt,0.0022954940795898438,0.006639957427978516,0.00893545150756836,0.0007745027542114258,0.0008859634399414062,0.001660466194152832,0.010595917701721191,-0.0049571990966796875,0.0013321638107299805,-0.003625035285949707
ref,shuffled,reduced,1NP_2NP,models/shuffled/shuffled_LSTM_400_80m_e_14-d0.2.pt,-0.0017957687377929688,-0.0022974014282226562,-0.004093170166015625,-3.5643577575683594e-05,0.00044155120849609375,0.00040590763092041016,-0.003687262535095215,0.0037899017333984375,-0.0009160041809082031,0.0028738975524902344
ref,ordered,reduced,1NP_2NP,models/ordered/ordered_LSTM_400_80m_a_10-d0.2.pt,-0.09412193298339844,0.0723261833190918,-0.02179574966430664,-0.03737294673919678,0.10989093780517578,0.072517991065979,0.05072224140167236,-0.2046060562133789,0.03205132484436035,-0.17255473136901855
ref,ordered,reduced,1NP_2NP,models/ordered/ordered_LSTM_400_80m_b_11-d0.2.pt,-0.4019775390625,0.10968446731567383,-0.29229307174682617,0.13119232654571533,-1.0595941543579102,-0.9284018278121948,-1.220694899559021,0.5093564987182617,0.0553361177444458,0.5646926164627075
ref,ordered,reduced,1NP_2NP,models/ordered/ordered_LSTM_400_80m_c_12-d0.2.pt,-0.06794548034667969,-0.11465597152709961,-0.1826014518737793,0.007866621017456055,-0.11359596252441406,-0.10572934150695801,-0.2883307933807373,-0.008950233459472656,0.020801424980163574,0.011851191520690918
ref,ordered,reduced,1NP_2NP,models/ordered/ordered_LSTM_400_80m_d_13-d0.2.pt,-0.3639240264892578,0.4089226722717285,0.0449986457824707,0.12665653228759766,-0.011396408081054688,0.11526012420654297,0.16025876998901367,0.1289806365966797,0.04963827133178711,0.1786189079284668
ref,ordered,reduced,1NP_2NP,models/ordered/ordered_LSTM_400_80m_e_14-d0.2.pt,-0.12082672119140625,-0.293550968170166,-0.41437768936157227,-0.02195262908935547,0.1929607391357422,0.17100811004638672,-0.24336957931518555,0.015091896057128906,0.053581833839416504,0.06867372989654541
ref,shuffled,unreduced,1NP_2NP,models/shuffled/shuffled_LSTM_400_80m_a_10-d0.2.pt,-0.001758575439453125,-0.0023796558380126953,-0.00413823127746582,0.0015097856521606445,-0.004858970642089844,-0.0033491849899291992,-0.0074874162673950195,-0.008043289184570312,0.00023066997528076172,-0.00781261920928955
ref,shuffled,unreduced,1NP_2NP,models/shuffled/shuffled_LSTM_400_80m_b_11-d0.2.pt,0.00035858154296875,-0.0003082752227783203,5.030632019042969e-05,-0.0027992725372314453,0.006188392639160156,0.003389120101928711,0.0034394264221191406,-0.0014438629150390625,-0.0003039836883544922,-0.0017478466033935547
ref,shuffled,unreduced,1NP_2NP,models/shuffled/shuffled_LSTM_400_80m_c_12-d0.2.pt,0.0060901641845703125,-0.0029115676879882812,0.0031785964965820312,0.0005241632461547852,0.006997108459472656,0.007521271705627441,0.010699868202209473,0.008473396301269531,-0.0007177591323852539,0.007755637168884277
ref,shuffled,unreduced,1NP_2NP,models/shuffled/shuffled_LSTM_400_80m_d_13-d0.2.pt,-0.0010614395141601562,0.003175497055053711,0.0021140575408935547,0.0005035400390625,-0.0006151199340820312,-0.00011157989501953125,0.0020024776458740234,-0.00592803955078125,0.001538991928100586,-0.004389047622680664
ref,shuffled,unreduced,1NP_2NP,models/shuffled/shuffled_LSTM_400_80m_e_14-d0.2.pt,-0.00211334228515625,-0.0015850067138671875,-0.0036983489990234375,-0.00020802021026611328,0.0038013458251953125,0.0035933256149291992,-0.00010502338409423828,0.0046787261962890625,0.00010466575622558594,0.0047833919525146484
ref,ordered,unreduced,1NP_2NP,models/ordered/ordered_LSTM_400_80m_a_10-d0.2.pt,0.045989036560058594,-0.17745351791381836,-0.13146448135375977,-0.055863261222839355,0.09778785705566406,0.04192459583282471,-0.08953988552093506,-0.21554851531982422,0.02185845375061035,-0.19369006156921387
ref,ordered,unreduced,1NP_2NP,models/ordered/ordered_LSTM_400_80m_b_11-d0.2.pt,-0.3347787857055664,0.17631316184997559,-0.15846562385559082,0.11358058452606201,-1.008012294769287,-0.8944317102432251,-1.052897334098816,0.5792951583862305,0.04727530479431152,0.626570463180542
ref,ordered,unreduced,1NP_2NP,models/ordered/ordered_LSTM_400_80m_c_12-d0.2.pt,-0.008134841918945312,0.010580301284790039,0.0024454593658447266,0.04267251491546631,-0.15906763076782227,-0.11639511585235596,-0.11394965648651123,0.04050159454345703,0.009039521217346191,0.04954111576080322
ref,ordered,unreduced,1NP_2NP,models/ordered/ordered_LSTM_400_80m_d_13-d0.2.pt,-0.13156795501708984,0.18824505805969238,0.05667710304260254,0.02076900005340576,-0.08460617065429688,-0.06383717060089111,-0.007160067558288574,0.0738992691040039,0.0430605411529541,0.11695981025695801
ref,ordered,unreduced,1NP_2NP,models/ordered/ordered_LSTM_400_80m_e_14-d0.2.pt,-0.17598247528076172,-0.06288361549377441,-0.23886609077453613,0.047869324684143066,0.14296722412109375,0.19083654880523682,-0.048029541969299316,-0.1750173568725586,0.026433706283569336,-0.14858365058898926
